EMPLOYEE_ID,DEPARTMENT,FIRST_NAME,LAST_NAME,GENDER,JOB_TITLE,WORK_STATUS,HIRE_DATE
1,Logistics,Robert,Martinez,Other,Associate,Contract,2020-10-15
2,Customer Service,Thomas,Bishop,Female,Manager,Part-Time,2024-10-09
3,Sales,Christina,Davis,Other,Associate,Full-Time,2022-01-26
4,Finance,Maurice,Cook,Other,Specialist,Part-Time,2022-04-19
5,Logistics,Perry,Santana,Female,Coordinator,Full-Time,2018-10-18
6,Finance,Danny,Shepherd,Male,Coordinator,Full-Time,2025-01-20
7,Operations,Jacob,Rivera,Male,Analyst,Full-Time,2017-06-26
8,Finance,Ronald,Forbes,Other,Coordinator,Part-Time,2024-06-06
9,Finance,Christian,Wilkerson,Male,Coordinator,Part-Time,2023-04-10
10,IT,Scott,Pratt,Other,Associate,Full-Time,2024-11-14
11,Operations,Jessica,Johnson,Female,Specialist,Part-Time,2024-03-02
12,IT,Lisa,Spears,Female,Associate,Full-Time,2023-06-24
13,Customer Service,Hailey,Mcintyre,Other,Coordinator,Part-Time,2017-12-15
14,Customer Service,Emma,Gould,Other,Coordinator,Full-Time,2024-01-30
15,Finance,Vincent,Ross,Male,Coordinator,Full-Time,2023-09-13
16,Operations,Karen,Shaffer,Other,Associate,Part-Time,2018-09-12
17,IT,Meghan,Williams,Male,Specialist,Contract,2016-07-17
18,Sales,John,Tran,Male,Manager,Contract,2019-07-11
19,HR,Michael,Thompson,Female,Coordinator,Contract,2017-12-03
20,HR,Daniel,Mcconnell,Other,Coordinator,Part-Time,2020-07-06
21,Customer Service,Judy,White,Male,Manager,Contract,2024-11-23
22,Operations,Kathy,Smith,Male,Specialist,Part-Time,2021-05-29
23,Logistics,Patrick,Logan,Other,Analyst,Contract,2022-03-13
24,Customer Service,Kimberly,Boone,Other,Associate,Contract,2018-03-14
25,Operations,Amy,Tanner,Other,Coordinator,Part-Time,2025-01-17
26,IT,Shelby,Baker,Other,Coordinator,Contract,2017-03-02
27,HR,Nathan,Blevins,Female,Coordinator,Part-Time,2023-04-22
28,Operations,Troy,Ross,Female,Associate,Part-Time,2025-01-25
29,Operations,Stephen,Petty,Male,Coordinator,Full-Time,2021-12-01
30,Finance,James,Church,Male,Manager,Part-Time,2020-07-06
31,IT,Meghan,Williams,Other,Associate,Full-Time,2020-05-09
32,Customer Service,Alicia,Riley,Other,Coordinator,Contract,2017-03-13
33,Logistics,Julie,Scott,Female,Manager,Full-Time,2022-07-05
34,Logistics,Madeline,Miller,Male,Associate,Contract,2015-05-21
35,Logistics,Brandon,Shaw,Other,Analyst,Part-Time,2019-03-26
36,Operations,Jessica,Chandler,Male,Specialist,Full-Time,2018-07-22
37,Operations,Jeff,Wagner,Male,Specialist,Contract,2018-05-09
38,IT,Diana,Graham,Male,Specialist,Full-Time,2024-06-18
39,Operations,Jennifer,Mccarty,Male,Coordinator,Contract,2024-09-18
40,HR,Stephanie,Green,Male,Specialist,Contract,2023-11-11
41,IT,Elizabeth,Johnson,Other,Associate,Full-Time,2015-05-11
42,Sales,Susan,Lester,Other,Analyst,Full-Time,2023-04-04
43,Customer Service,Kevin,Murphy,Female,Associate,Full-Time,2015-04-27
44,Logistics,Kristin,Randall,Female,Specialist,Full-Time,2015-07-29
45,HR,Nina,Reynolds,Other,Coordinator,Part-Time,2020-10-04
46,HR,Gregory,Taylor,Female,Specialist,Part-Time,2016-07-31
47,Logistics,Roger,Robertson,Other,Manager,Contract,2015-12-12
48,IT,Jessica,Vasquez,Female,Associate,Full-Time,2018-04-15
49,Customer Service,Aaron,Romero,Other,Manager,Full-Time,2024-03-18
50,Sales,Stephanie,Dixon,Male,Manager,Contract,2023-07-17
51,Logistics,Daniel,Luna,Female,Coordinator,Full-Time,2020-07-22
52,HR,Linda,James,Male,Analyst,Contract,2021-01-01
53,Finance,Robert,Coleman,Other,Analyst,Full-Time,2016-08-04
54,Finance,Colin,Haas,Female,Coordinator,Part-Time,2017-10-18
55,IT,Kenneth,Davila,Male,Analyst,Contract,2015-08-09
56,Finance,Connie,Hanson,Male,Specialist,Contract,2017-09-30
57,IT,Curtis,Young,Other,Coordinator,Contract,2017-12-14
58,Operations,Jacob,Harris,Female,Coordinator,Contract,2015-04-22
59,IT,William,Hopkins,Male,Analyst,Full-Time,2016-08-23
60,Operations,Daniel,Williams,Female,Associate,Contract,2023-07-26
61,Customer Service,Randy,Holland,Female,Specialist,Contract,2021-05-20
62,Logistics,Amanda,Dyer,Male,Specialist,Full-Time,2020-04-21
63,Operations,Robert,Taylor,Other,Associate,Full-Time,2021-06-24
64,HR,Paige,Vargas,Male,Coordinator,Part-Time,2019-11-12
65,Logistics,Robert,Dyer,Female,Associate,Part-Time,2016-05-19
66,Operations,Timothy,Gay,Other,Analyst,Contract,2022-01-08
67,Logistics,Meagan,Lloyd,Other,Manager,Full-Time,2019-12-06
68,IT,Paul,Parrish,Other,Specialist,Part-Time,2024-04-04
69,IT,Nicholas,Hawkins,Male,Associate,Full-Time,2023-09-21
70,Sales,Tiffany,Smith,Other,Coordinator,Contract,2017-08-01
71,HR,Paul,Ramirez,Male,Analyst,Contract,2016-05-27
72,IT,William,Rivas,Other,Specialist,Full-Time,2016-03-10
73,Operations,Timothy,Hill,Other,Associate,Part-Time,2019-10-27
74,IT,Andrew,Mullins,Female,Specialist,Contract,2022-02-23
75,Finance,Nicholas,Orr,Male,Coordinator,Part-Time,2022-04-22
76,Finance,Angelica,Miller,Female,Associate,Contract,2017-06-25
77,Sales,Susan,Ray,Male,Manager,Contract,2023-03-07
78,Logistics,Aaron,Smith,Female,Analyst,Contract,2020-09-05
79,Finance,Joshua,Hicks,Other,Manager,Part-Time,2015-07-20
80,IT,Jeffrey,Clark,Male,Analyst,Full-Time,2016-11-26
81,Operations,Felicia,Martinez,Male,Associate,Contract,2021-04-17
82,Finance,Samantha,Le,Male,Specialist,Contract,2018-02-26
83,Finance,Jeremy,Scott,Female,Coordinator,Part-Time,2022-02-23
84,Logistics,Jessica,Cooley,Male,Associate,Part-Time,2024-12-17
85,Customer Service,Hannah,Matthews,Female,Associate,Contract,2022-11-08
86,Logistics,Christian,Mooney,Female,Specialist,Full-Time,2019-07-19
87,Finance,Melvin,Morris,Female,Associate,Part-Time,2019-12-08
88,Logistics,Theresa,Sanchez,Female,Analyst,Contract,2018-02-24
89,IT,Julie,Jackson,Female,Specialist,Full-Time,2016-02-09
90,Logistics,Dustin,Higgins,Female,Specialist,Contract,2019-02-26
91,IT,Stephanie,Roberts,Female,Associate,Contract,2022-01-07
92,HR,Vanessa,Jones,Other,Manager,Part-Time,2016-03-09
93,Finance,Brittney,Dawson,Other,Coordinator,Part-Time,2023-06-07
94,Customer Service,Donna,Martinez,Female,Specialist,Part-Time,2024-05-03
95,Finance,Gary,Stevens,Male,Manager,Contract,2021-01-20
96,Sales,Savannah,Elliott,Other,Specialist,Contract,2020-03-20
97,Operations,Patrick,Williams,Other,Coordinator,Full-Time,2024-06-24
98,Logistics,Carmen,Ward,Male,Coordinator,Part-Time,2018-06-15
99,HR,Joshua,Parker,Female,Associate,Part-Time,2018-09-04
100,Finance,Bradley,Anderson,Male,Coordinator,Full-Time,2015-06-22
101,Logistics,Joseph,Allen,Other,Analyst,Contract,2024-12-27
102,Finance,Nicholas,Howard,Other,Manager,Full-Time,2021-07-31
103,HR,Sharon,Davis,Other,Associate,Full-Time,2023-11-18
104,IT,Dustin,Moss,Other,Analyst,Part-Time,2023-08-21
105,IT,Clinton,Wells,Other,Manager,Full-Time,2017-08-27
106,Operations,Amy,Bowman,Female,Associate,Contract,2019-04-17
107,IT,George,Wilkins,Female,Specialist,Part-Time,2024-09-10
108,Logistics,William,Rivera,Female,Manager,Full-Time,2018-12-03
109,Sales,Juan,Walker,Other,Coordinator,Full-Time,2022-01-05
110,Finance,David,Sandoval,Female,Manager,Contract,2024-05-05
111,Finance,James,Long,Male,Analyst,Contract,2015-06-04
112,HR,Christopher,Smith,Male,Manager,Contract,2022-06-30
113,HR,Danny,Hawkins,Male,Coordinator,Full-Time,2016-01-29
114,IT,Heather,Lin,Female,Associate,Contract,2016-09-27
115,Sales,Kendra,Malone,Female,Manager,Contract,2019-08-30
116,IT,Sonya,Powell,Other,Manager,Part-Time,2020-12-14
117,HR,Denise,Sims,Female,Associate,Part-Time,2022-10-27
118,Sales,Melanie,Goodman,Female,Coordinator,Full-Time,2017-11-08
119,Finance,Timothy,Gutierrez,Male,Specialist,Contract,2019-02-21
120,Logistics,Erica,Marsh,Male,Associate,Full-Time,2017-07-14
121,Logistics,Alicia,James,Other,Specialist,Part-Time,2022-01-26
122,Operations,Jessica,Guerrero,Other,Specialist,Full-Time,2023-07-03
123,Sales,Mary,Watkins,Female,Coordinator,Part-Time,2016-07-11
124,Sales,Abigail,Jackson,Other,Analyst,Part-Time,2019-10-20
125,Finance,Johnathan,Schroeder,Other,Analyst,Part-Time,2024-04-14
126,Logistics,Barbara,Crosby,Other,Specialist,Full-Time,2021-01-24
127,Finance,Patricia,Nichols,Female,Associate,Part-Time,2023-10-02
128,Logistics,Bonnie,Lopez,Other,Manager,Contract,2016-12-09
129,IT,Shane,Blackwell,Female,Specialist,Full-Time,2023-01-28
130,IT,Caroline,Fox,Female,Manager,Contract,2015-05-13
131,Operations,Leslie,Martin,Female,Manager,Contract,2016-11-14
132,Logistics,Sarah,Herrera,Other,Analyst,Contract,2021-06-14
133,Logistics,Dennis,Smith,Other,Specialist,Full-Time,2015-12-31
134,HR,Tracy,Gallagher,Other,Manager,Contract,2017-01-22
135,Operations,Daniel,Rose,Male,Specialist,Full-Time,2024-11-11
136,IT,Amy,Moore,Male,Analyst,Full-Time,2022-08-07
137,IT,Robert,Brooks,Male,Manager,Part-Time,2023-09-09
138,Customer Service,Matthew,Williams,Female,Specialist,Contract,2023-06-20
139,Customer Service,Robert,Villanueva,Other,Associate,Part-Time,2017-06-29
140,Logistics,Zachary,Palmer,Male,Associate,Contract,2015-09-19
141,Customer Service,Cody,Simmons,Female,Coordinator,Contract,2017-06-10
142,HR,Christine,Luna,Other,Analyst,Contract,2021-03-16
143,Customer Service,Elizabeth,Maldonado,Male,Coordinator,Contract,2016-06-30
144,HR,Wanda,Decker,Male,Manager,Contract,2024-12-18
145,Logistics,Patricia,Washington,Other,Analyst,Part-Time,2017-06-20
146,HR,Albert,Ortiz,Male,Associate,Full-Time,2016-01-12
147,HR,Chase,Simpson,Male,Coordinator,Contract,2017-04-09
148,HR,Jason,Smith,Male,Analyst,Part-Time,2024-10-23
149,Logistics,Lauren,Avery,Other,Analyst,Part-Time,2017-11-16
150,Logistics,Melissa,Ramirez,Male,Analyst,Part-Time,2024-08-05
151,Logistics,Michelle,Solis,Other,Coordinator,Contract,2021-03-31
152,Logistics,Lawrence,Robinson,Female,Specialist,Contract,2017-05-23
153,IT,Michelle,Beltran,Male,Manager,Full-Time,2019-04-19
154,HR,Cody,Gross,Female,Analyst,Part-Time,2019-02-07
155,Sales,Ricky,Andrews,Female,Associate,Part-Time,2017-10-14
156,HR,Maria,Guerra,Other,Associate,Full-Time,2024-11-09
157,Customer Service,Gary,Wells,Female,Manager,Part-Time,2022-11-24
158,Sales,Steven,Thomas,Other,Associate,Part-Time,2015-04-23
159,HR,Stephanie,Hall,Female,Analyst,Part-Time,2019-10-25
160,Customer Service,Marissa,Fields,Male,Associate,Part-Time,2025-01-12
161,Finance,Shane,Miller,Other,Associate,Contract,2018-08-10
162,Finance,Gregory,Woods,Other,Manager,Full-Time,2023-05-09
163,Customer Service,Michelle,Merritt,Male,Specialist,Part-Time,2021-01-13
164,Sales,Robert,Sutton,Male,Manager,Part-Time,2023-11-05
165,Finance,Robert,Fletcher,Other,Manager,Contract,2017-12-28
166,Finance,Kevin,Greene,Male,Associate,Contract,2016-12-30
167,Finance,Robert,Moore,Male,Specialist,Contract,2021-02-02
168,Finance,Tony,Shaw,Female,Analyst,Part-Time,2024-05-09
169,HR,Ann,Dean,Male,Analyst,Part-Time,2021-07-28
170,Logistics,Chad,Hill,Other,Specialist,Part-Time,2020-09-25
171,Sales,Audrey,Erickson,Other,Specialist,Full-Time,2017-05-15
172,Sales,Patricia,Sanford,Female,Coordinator,Contract,2016-07-23
173,Finance,Alicia,Miller,Other,Specialist,Part-Time,2022-07-19
174,IT,Hannah,Jennings,Other,Specialist,Part-Time,2018-11-01
175,Logistics,Brittany,Thornton,Female,Associate,Full-Time,2022-10-16
176,HR,Beverly,Carter,Other,Manager,Full-Time,2016-08-29
177,Sales,Brenda,Rose,Male,Analyst,Part-Time,2020-01-18
178,Sales,Philip,Sutton,Other,Specialist,Part-Time,2018-01-18
179,Sales,Tiffany,Mcgrath,Male,Coordinator,Part-Time,2015-07-29
180,Finance,Garrett,Moore,Other,Associate,Part-Time,2023-03-08
181,Operations,Brandon,Wallace,Other,Coordinator,Full-Time,2020-12-05
182,Finance,Kathryn,Hodges,Female,Coordinator,Part-Time,2023-01-23
183,Logistics,Dawn,Combs,Female,Associate,Contract,2020-05-23
184,IT,Alexander,Pearson,Male,Coordinator,Contract,2017-02-15
185,Finance,Chase,Tyler,Other,Associate,Part-Time,2020-07-06
186,Customer Service,Vickie,Montgomery,Other,Manager,Part-Time,2018-05-14
187,HR,Michael,Coleman,Male,Associate,Full-Time,2020-05-01
188,Sales,Laura,Cook,Female,Analyst,Part-Time,2024-10-16
189,IT,Heather,Adams,Female,Coordinator,Full-Time,2023-03-15
190,HR,Danny,Sullivan,Other,Specialist,Full-Time,2019-04-19
191,HR,Jeffrey,Cobb,Other,Coordinator,Contract,2025-02-27
192,Finance,Tonya,Jones,Male,Associate,Full-Time,2022-04-03
193,IT,James,Howard,Female,Specialist,Contract,2017-12-09
194,HR,Samantha,Davidson,Male,Analyst,Contract,2021-10-20
195,HR,Leah,Collins,Female,Associate,Part-Time,2017-06-17
196,Customer Service,John,Rodriguez,Female,Manager,Full-Time,2021-02-15
197,IT,Theodore,Powell,Male,Analyst,Contract,2016-08-07
198,Sales,Michelle,Moreno,Other,Coordinator,Full-Time,2024-01-16
199,Customer Service,Mark,Simmons,Male,Associate,Full-Time,2024-07-10
200,IT,Beth,Mcconnell,Other,Analyst,Contract,2019-04-16
201,Sales,Karen,Smith,Female,Associate,Full-Time,2016-06-08
202,Logistics,Brandon,Lamb,Male,Coordinator,Full-Time,2018-04-08
203,Customer Service,Hannah,Knight,Other,Analyst,Part-Time,2020-05-09
204,Logistics,Mary,Clark,Female,Specialist,Contract,2025-01-10
205,HR,John,Doyle,Female,Manager,Part-Time,2023-03-28
206,Sales,Emily,Meyers,Male,Specialist,Part-Time,2022-11-22
207,Customer Service,Carolyn,Brown,Other,Specialist,Part-Time,2019-04-03
208,Sales,Kara,Rodriguez,Male,Analyst,Full-Time,2022-08-19
209,HR,Nathan,Mueller,Other,Manager,Full-Time,2023-02-02
210,HR,Kimberly,Hood,Female,Manager,Part-Time,2023-05-30
211,Customer Service,Wesley,Miller,Other,Coordinator,Contract,2018-03-02
212,IT,Matthew,Doyle,Male,Coordinator,Part-Time,2019-08-19
213,IT,Robert,Johnston,Male,Specialist,Part-Time,2020-04-18
214,Logistics,Tammy,Pearson,Other,Analyst,Full-Time,2018-07-01
215,Customer Service,Mikayla,Moore,Other,Associate,Full-Time,2020-06-11
216,Customer Service,Erin,Weeks,Female,Specialist,Contract,2018-08-09
217,Operations,Sally,Thomas,Female,Coordinator,Full-Time,2021-01-26
218,Operations,Amy,Warren,Male,Coordinator,Full-Time,2020-06-02
219,IT,Mariah,Malone,Other,Coordinator,Part-Time,2023-02-10
220,Customer Service,Eric,Conner,Female,Coordinator,Part-Time,2024-01-27
221,Operations,Melissa,Lewis,Other,Coordinator,Contract,2023-09-03
222,IT,Yvette,Barton,Other,Associate,Contract,2018-01-17
223,Logistics,Jeffery,Greene,Female,Associate,Part-Time,2021-08-24
224,Customer Service,Crystal,Mendoza,Other,Coordinator,Full-Time,2021-05-26
225,HR,Dustin,Ortiz,Other,Analyst,Contract,2023-05-09
226,Logistics,Marco,Williams,Other,Manager,Full-Time,2017-02-13
227,Logistics,Susan,Fuller,Female,Analyst,Part-Time,2020-12-26
228,IT,Matthew,Miranda,Female,Analyst,Full-Time,2022-02-25
229,Sales,Samuel,Graham,Female,Specialist,Part-Time,2020-06-22
230,IT,Joseph,Benson,Other,Coordinator,Part-Time,2019-01-13
231,IT,Martha,Friedman,Other,Manager,Contract,2024-01-25
232,Finance,Jackie,Brock,Male,Associate,Part-Time,2015-12-23
233,Sales,Jack,Sawyer,Other,Coordinator,Contract,2017-11-28
234,Customer Service,Angela,Arellano,Male,Manager,Full-Time,2024-12-18
235,IT,Natalie,Hill,Female,Associate,Full-Time,2016-01-16
236,Finance,Crystal,Leon,Other,Manager,Full-Time,2019-02-04
237,HR,Megan,Gonzalez,Other,Manager,Full-Time,2019-11-04
238,HR,Rebecca,Evans,Other,Manager,Part-Time,2024-04-29
239,Finance,Marie,Smith,Other,Analyst,Contract,2015-07-25
240,Customer Service,Marilyn,Roberson,Male,Specialist,Full-Time,2020-04-17
241,Logistics,Mikayla,Cook,Male,Coordinator,Full-Time,2017-05-17
242,Finance,Rachael,Robinson,Other,Coordinator,Part-Time,2020-03-24
243,Operations,Rebecca,Adkins,Male,Analyst,Part-Time,2023-04-04
244,HR,Daniel,Brooks,Other,Coordinator,Part-Time,2025-02-17
245,IT,Jacqueline,Ibarra,Other,Analyst,Part-Time,2022-05-15
246,IT,Ian,Ross,Male,Analyst,Full-Time,2016-02-08
247,Sales,Jacob,Hatfield,Male,Associate,Contract,2015-10-06
248,Operations,Lisa,Tucker,Other,Associate,Full-Time,2016-02-03
249,Finance,David,Mcfarland,Male,Analyst,Part-Time,2024-11-25
250,Customer Service,Amber,Nguyen,Male,Specialist,Part-Time,2020-02-16
251,Customer Service,Jesus,Nelson,Male,Analyst,Contract,2015-05-28
252,IT,Carmen,Gilmore,Female,Specialist,Full-Time,2016-05-12
253,Operations,Michael,Reed,Male,Associate,Contract,2022-05-16
254,Finance,Connor,Willis,Male,Specialist,Contract,2021-04-09
255,Logistics,Jared,Stafford,Female,Analyst,Contract,2023-06-17
256,HR,Kendra,Williams,Other,Coordinator,Full-Time,2019-02-15
257,Sales,Johnathan,Zamora,Other,Manager,Contract,2023-05-17
258,HR,Jesus,Washington,Female,Associate,Contract,2022-04-22
259,Finance,Lee,Adams,Female,Specialist,Contract,2017-05-30
260,Customer Service,Jeff,Adkins,Other,Associate,Contract,2020-02-22
261,Logistics,Brian,Ewing,Other,Analyst,Full-Time,2018-02-05
262,Logistics,John,Schultz,Female,Coordinator,Contract,2022-02-21
263,Operations,Patricia,Taylor,Other,Associate,Part-Time,2021-09-28
264,IT,Laurie,Taylor,Female,Analyst,Part-Time,2017-08-07
265,Finance,Carla,Soto,Female,Analyst,Contract,2017-05-21
266,HR,Adrienne,Curry,Female,Manager,Part-Time,2021-06-21
267,Sales,Jillian,Foster,Other,Coordinator,Full-Time,2019-09-12
268,IT,Kimberly,Horton,Female,Associate,Contract,2017-11-10
269,Sales,Christy,Mcguire,Other,Coordinator,Contract,2015-10-22
270,Finance,Debra,Hanson,Male,Specialist,Part-Time,2019-01-01
271,Operations,Roy,Brown,Other,Specialist,Full-Time,2022-04-06
272,IT,Dorothy,Greene,Female,Analyst,Part-Time,2019-03-04
273,Sales,Michael,Hernandez,Female,Specialist,Part-Time,2016-02-23
274,Finance,Kristina,Schmidt,Female,Analyst,Full-Time,2016-09-06
275,Customer Service,Amanda,Jarvis,Other,Coordinator,Part-Time,2019-10-23
276,Finance,Derek,Ortiz,Male,Coordinator,Full-Time,2016-03-29
277,Operations,Joshua,Rodgers,Female,Associate,Full-Time,2016-12-12
278,Logistics,Jessica,Schaefer,Female,Associate,Full-Time,2020-11-22
279,IT,Anna,Hernandez,Other,Associate,Part-Time,2017-10-07
280,Finance,Kara,Mason,Female,Associate,Full-Time,2023-03-09
281,Customer Service,Catherine,Rojas,Other,Coordinator,Contract,2019-05-11
282,HR,Gregory,Jackson,Female,Specialist,Full-Time,2017-02-03
283,HR,Daniel,Miller,Other,Coordinator,Contract,2017-03-06
284,Customer Service,Timothy,Ibarra,Female,Coordinator,Full-Time,2023-01-27
285,Operations,Kimberly,Howard,Female,Analyst,Full-Time,2018-05-19
286,Finance,Jacob,Morris,Male,Coordinator,Full-Time,2018-05-06
287,HR,Debra,Mercado,Male,Analyst,Contract,2021-12-24
288,Finance,Kathleen,Mueller,Male,Analyst,Full-Time,2020-07-12
289,Finance,Christopher,Roberson,Female,Analyst,Part-Time,2016-05-13
290,IT,Richard,Robinson,Other,Coordinator,Full-Time,2019-08-24
291,Logistics,Caleb,Sanchez,Male,Analyst,Part-Time,2023-08-09
292,Finance,Natalie,Smith,Male,Coordinator,Full-Time,2020-10-29
293,Sales,Jason,Crawford,Female,Manager,Contract,2022-05-29
294,Customer Service,Christy,Peterson,Female,Specialist,Part-Time,2024-12-19
295,HR,James,Flores,Female,Specialist,Contract,2015-06-18
296,Finance,Roy,Taylor,Other,Coordinator,Full-Time,2015-06-10
297,Finance,Anthony,Sloan,Other,Manager,Full-Time,2016-05-12
298,Operations,Heather,Hughes,Female,Manager,Part-Time,2024-02-13
299,Logistics,David,Butler,Other,Coordinator,Contract,2019-10-08
300,Customer Service,Diane,Robinson,Other,Specialist,Contract,2017-05-21
301,IT,Jasmine,Lawson,Male,Manager,Part-Time,2019-01-13
302,Logistics,Theresa,Sanders,Other,Analyst,Full-Time,2018-12-11
303,Operations,Jasmine,Davidson,Other,Specialist,Part-Time,2020-11-09
304,Finance,Henry,Adams,Other,Analyst,Contract,2024-03-20
305,Customer Service,David,Goodman,Female,Analyst,Contract,2019-11-20
306,HR,George,Smith,Female,Associate,Contract,2022-11-15
307,Finance,George,Hoffman,Other,Manager,Part-Time,2020-06-14
308,Logistics,Melissa,Frank,Other,Specialist,Part-Time,2018-01-10
309,Finance,Joseph,Johnson,Female,Associate,Part-Time,2017-12-06
310,Sales,Haley,Castillo,Female,Specialist,Part-Time,2025-01-11
311,Customer Service,Alicia,Cooper,Male,Specialist,Part-Time,2024-05-29
312,HR,Latoya,Wade,Other,Analyst,Full-Time,2019-05-14
313,Operations,Jennifer,English,Male,Coordinator,Contract,2020-09-27
314,IT,Lisa,Terry,Other,Specialist,Contract,2022-05-05
315,Logistics,Bryan,Hurley,Other,Analyst,Part-Time,2022-04-24
316,IT,Emily,Lawson,Female,Coordinator,Contract,2023-06-07
317,Operations,John,Brown,Other,Associate,Full-Time,2023-05-09
318,Sales,Jessica,Webb,Female,Coordinator,Part-Time,2016-08-24
319,Customer Service,Ryan,Wood,Other,Coordinator,Full-Time,2021-03-31
320,Finance,Kyle,Hernandez,Male,Specialist,Contract,2019-06-26
321,Sales,Alexis,Byrd,Female,Specialist,Contract,2015-08-01
322,Sales,Patricia,Ramirez,Female,Manager,Part-Time,2018-02-11
323,Finance,Cory,Davis,Female,Coordinator,Full-Time,2018-01-26
324,Sales,Krystal,Parker,Male,Associate,Full-Time,2022-07-31
325,Finance,Kelly,Norman,Other,Manager,Part-Time,2018-01-10
326,Finance,Gary,Morgan,Other,Specialist,Full-Time,2020-05-14
327,Operations,Kathleen,Chambers,Male,Manager,Part-Time,2023-02-26
328,HR,Angela,Jordan,Other,Coordinator,Part-Time,2019-04-07
329,Logistics,Melissa,Hill,Other,Specialist,Contract,2022-02-04
330,Logistics,Eric,Weaver,Female,Coordinator,Part-Time,2020-10-06
331,HR,Tracie,Meyer,Female,Associate,Full-Time,2015-06-04
332,Logistics,Anthony,Chambers,Female,Specialist,Full-Time,2015-12-21
333,IT,Heather,Sanchez,Female,Coordinator,Full-Time,2018-09-11
334,Sales,John,Norman,Male,Coordinator,Full-Time,2017-09-06
335,Finance,Mary,Rogers,Female,Coordinator,Full-Time,2024-10-25
336,Logistics,Micheal,Hudson,Other,Coordinator,Full-Time,2015-07-07
337,Customer Service,Heidi,Nelson,Female,Specialist,Full-Time,2025-01-07
338,Operations,Kyle,Wallace,Female,Analyst,Full-Time,2015-11-21
339,Sales,Robert,Bell,Female,Coordinator,Part-Time,2016-03-10
340,Finance,Jacqueline,Deleon,Male,Associate,Full-Time,2022-08-07
341,IT,Sharon,Aguilar,Female,Manager,Part-Time,2020-05-10
342,Customer Service,David,Johnson,Other,Specialist,Part-Time,2022-12-15
343,Logistics,Jill,Smith,Female,Specialist,Contract,2022-02-28
344,Finance,Ronald,Nguyen,Female,Coordinator,Part-Time,2016-05-23
345,IT,Cameron,Swanson,Male,Manager,Part-Time,2020-07-19
346,Operations,Matthew,Baker,Other,Coordinator,Full-Time,2020-05-14
347,Finance,Veronica,Leon,Female,Manager,Full-Time,2017-09-21
348,Customer Service,Alan,Clark,Female,Coordinator,Part-Time,2022-12-05
349,HR,Leah,Conley,Other,Coordinator,Full-Time,2023-10-22
350,HR,Justin,Walker,Other,Specialist,Contract,2023-07-24
351,IT,Kyle,Cannon,Female,Manager,Part-Time,2019-06-27
352,Logistics,Michael,Herrera,Male,Coordinator,Contract,2020-10-08
353,HR,Christine,Sandoval,Other,Associate,Contract,2020-08-27
354,Finance,Christine,Garcia,Male,Associate,Contract,2019-08-31
355,HR,Calvin,Heath,Male,Associate,Full-Time,2016-02-20
356,Sales,James,Owen,Other,Coordinator,Part-Time,2020-01-29
357,Operations,Benjamin,Thompson,Male,Manager,Full-Time,2018-03-28
358,HR,Larry,Thomas,Female,Analyst,Contract,2019-06-22
359,IT,Daisy,Smith,Other,Associate,Contract,2017-05-15
360,HR,Kevin,Aguilar,Other,Manager,Full-Time,2022-01-21
361,Operations,Mark,Saunders,Male,Specialist,Contract,2023-08-17
362,Sales,Clarence,Garrison,Male,Specialist,Full-Time,2017-09-08
363,Operations,Cynthia,Brown,Male,Coordinator,Part-Time,2016-04-14
364,Customer Service,Brian,Sullivan,Female,Manager,Full-Time,2022-08-10
365,HR,Regina,Herring,Male,Manager,Part-Time,2022-10-11
366,Operations,Harold,Allen,Male,Associate,Part-Time,2021-06-06
367,IT,Michelle,Grimes,Male,Coordinator,Part-Time,2019-10-19
368,IT,Elizabeth,Reed,Other,Specialist,Full-Time,2024-12-15
369,Customer Service,Lydia,Ward,Female,Manager,Contract,2019-01-24
370,IT,Chad,Ford,Other,Analyst,Contract,2018-08-02
371,Operations,Dawn,Martinez,Female,Manager,Full-Time,2020-06-12
372,Customer Service,Lucas,Williams,Other,Manager,Full-Time,2019-03-06
373,Logistics,Luis,Williams,Other,Manager,Full-Time,2025-01-07
374,IT,Joseph,Martinez,Male,Manager,Contract,2022-01-20
375,HR,Kara,Cook,Male,Manager,Full-Time,2015-07-28
376,Logistics,Brittney,King,Female,Associate,Part-Time,2019-12-17
377,Finance,Gregory,Gibson,Male,Manager,Contract,2020-09-05
378,Logistics,Cynthia,Perez,Male,Manager,Contract,2018-11-07
379,HR,Greg,Roberts,Other,Specialist,Part-Time,2018-05-12
380,Customer Service,Timothy,Woodward,Female,Specialist,Part-Time,2021-02-21
381,Customer Service,Jennifer,Allen,Other,Manager,Part-Time,2018-03-19
382,Customer Service,Ryan,Jones,Other,Analyst,Contract,2023-12-24
383,Operations,Elizabeth,Kline,Male,Analyst,Contract,2023-03-22
384,Operations,Yolanda,Baker,Female,Coordinator,Full-Time,2024-09-25
385,Sales,Carol,Herrera,Other,Associate,Contract,2019-01-11
386,Logistics,Kimberly,Anderson,Other,Coordinator,Contract,2020-12-06
387,Sales,Ashley,Gomez,Male,Associate,Part-Time,2023-01-05
388,Customer Service,Jesus,Diaz,Female,Coordinator,Full-Time,2018-08-13
389,Operations,Amanda,Hayden,Female,Specialist,Part-Time,2019-06-19
390,Operations,Christopher,Rogers,Female,Analyst,Full-Time,2023-12-08
391,Operations,John,Scott,Other,Manager,Part-Time,2016-12-02
392,IT,Mary,Walker,Male,Associate,Full-Time,2019-01-04
393,HR,Colleen,Nelson,Other,Coordinator,Part-Time,2019-06-08
394,Customer Service,Amber,Burch,Other,Specialist,Part-Time,2015-07-31
395,HR,Karen,Walters,Other,Analyst,Contract,2023-06-08
396,Sales,Chelsea,Parker,Female,Manager,Part-Time,2019-03-14
397,HR,Allen,Long,Female,Manager,Contract,2019-12-17
398,Customer Service,Christine,Murphy,Other,Analyst,Part-Time,2021-01-13
399,Finance,Jerry,Wong,Other,Coordinator,Part-Time,2019-06-22
400,Customer Service,Laura,Mcdonald,Male,Specialist,Part-Time,2018-10-14
401,Sales,David,Harvey,Male,Coordinator,Full-Time,2016-02-07
402,HR,Desiree,Edwards,Other,Analyst,Full-Time,2018-04-27
403,Operations,Michele,Young,Other,Manager,Full-Time,2019-02-27
404,Finance,Kelly,Thomas,Male,Specialist,Full-Time,2022-06-11
405,Sales,Nicholas,Richardson,Female,Analyst,Part-Time,2020-07-09
406,HR,Emily,Watson,Male,Associate,Contract,2016-12-20
407,IT,William,Tran,Male,Manager,Contract,2018-04-14
408,IT,Jacob,Flowers,Male,Specialist,Full-Time,2017-11-02
409,Finance,Robert,Craig,Female,Analyst,Part-Time,2020-03-25
410,IT,James,Perkins,Other,Manager,Contract,2023-05-03
411,HR,Kevin,Faulkner,Male,Coordinator,Contract,2019-07-23
412,HR,Zachary,Cooper,Male,Associate,Part-Time,2015-08-12
413,HR,Cassandra,Burgess,Female,Associate,Full-Time,2024-12-10
414,Operations,Stephanie,Turner,Male,Coordinator,Contract,2024-05-29
415,Customer Service,Jonathan,Freeman,Female,Analyst,Full-Time,2021-08-11
416,HR,Thomas,Reilly,Other,Analyst,Full-Time,2018-06-29
417,Operations,Curtis,Davis,Male,Specialist,Part-Time,2023-01-17
418,HR,Susan,Ortiz,Female,Specialist,Full-Time,2017-12-02
419,Operations,Alison,Williams,Other,Analyst,Part-Time,2016-03-06
420,HR,Ryan,Cobb,Female,Analyst,Full-Time,2019-05-11
421,HR,Cheryl,Kent,Female,Specialist,Part-Time,2019-02-28
422,Logistics,Jessica,Ayala,Other,Coordinator,Part-Time,2021-02-22
423,IT,William,Baker,Female,Analyst,Full-Time,2016-01-03
424,Customer Service,Kimberly,Bowman,Male,Manager,Full-Time,2020-10-04
425,Sales,Michael,Frank,Female,Associate,Full-Time,2016-06-24
426,Logistics,Keith,Jenkins,Female,Associate,Full-Time,2022-01-17
427,Logistics,Justin,Allen,Female,Specialist,Contract,2016-01-24
428,Logistics,Jessica,Harmon,Female,Specialist,Full-Time,2017-05-18
429,Logistics,Gregory,Rios,Female,Associate,Contract,2019-06-22
430,HR,Sherry,Rivers,Male,Analyst,Full-Time,2017-06-28
431,Finance,Shirley,Turner,Female,Manager,Part-Time,2020-10-19
432,HR,Angela,Smith,Male,Analyst,Contract,2016-11-15
433,IT,Matthew,Smith,Other,Analyst,Part-Time,2015-09-23
434,Finance,Shannon,Garcia,Male,Analyst,Contract,2023-07-16
435,HR,James,Morales,Female,Manager,Contract,2016-10-08
436,Finance,Lori,Watkins,Male,Specialist,Full-Time,2021-06-18
437,Finance,Andrew,Daugherty,Other,Associate,Part-Time,2021-04-23
438,IT,Michelle,Schultz,Female,Analyst,Full-Time,2020-10-04
439,Logistics,Frank,Davis,Female,Manager,Contract,2024-05-02
440,IT,Katherine,Blair,Female,Coordinator,Full-Time,2023-09-23
441,Customer Service,Anita,Vasquez,Other,Coordinator,Contract,2016-03-01
442,IT,Rebecca,Lawrence,Female,Analyst,Contract,2019-10-13
443,Customer Service,Alexandra,Le,Other,Manager,Part-Time,2016-02-19
444,Operations,Christy,Roman,Other,Analyst,Full-Time,2019-11-23
445,IT,Nathaniel,Steele,Male,Analyst,Part-Time,2017-10-29
446,Finance,Joseph,Mccann,Female,Associate,Full-Time,2017-11-01
447,Logistics,Valerie,Martinez,Male,Coordinator,Full-Time,2020-05-01
448,Customer Service,Timothy,Bailey,Male,Specialist,Part-Time,2021-01-16
449,IT,Crystal,Flores,Other,Coordinator,Part-Time,2021-12-07
450,Operations,Alan,Peterson,Female,Specialist,Full-Time,2020-06-10
451,Logistics,Ashley,Williams,Other,Specialist,Contract,2016-06-15
452,IT,Lindsay,Marquez,Male,Coordinator,Contract,2016-08-01
453,Finance,Cassidy,Porter,Female,Specialist,Contract,2017-11-26
454,Operations,Susan,Campbell,Other,Coordinator,Full-Time,2021-07-24
455,HR,Justin,Klein,Female,Associate,Full-Time,2021-07-30
456,Customer Service,Jason,Powell,Other,Manager,Contract,2016-09-25
457,HR,Carolyn,Martinez,Other,Associate,Contract,2017-06-25
458,Finance,Mary,Johnson,Male,Manager,Full-Time,2020-09-13
459,IT,Thomas,Franklin,Male,Specialist,Contract,2019-03-15
460,Finance,Mark,Price,Other,Manager,Part-Time,2023-12-07
461,Finance,Jonathan,Smith,Other,Manager,Part-Time,2015-11-07
462,Sales,David,Stevens,Male,Associate,Contract,2023-07-08
463,Finance,Andrea,Gilbert,Other,Manager,Contract,2024-01-14
464,Finance,James,Johnson,Other,Associate,Contract,2016-07-11
465,Operations,Benjamin,Mathis,Female,Coordinator,Full-Time,2016-10-17
466,HR,Brittany,Chang,Female,Associate,Part-Time,2019-06-28
467,HR,Brianna,Gonzales,Female,Associate,Contract,2021-02-12
468,HR,Joshua,Johnson,Other,Specialist,Part-Time,2015-08-10
469,HR,Andrea,Reyes,Other,Analyst,Part-Time,2021-03-09
470,Logistics,Stefanie,Armstrong,Other,Specialist,Contract,2019-01-16
471,HR,Jason,Lucas,Male,Coordinator,Contract,2020-07-08
472,IT,Joshua,Andrews,Other,Coordinator,Contract,2019-07-25
473,Sales,Justin,Burns,Female,Manager,Full-Time,2016-05-28
474,IT,Jessica,Reynolds,Other,Specialist,Part-Time,2023-04-01
475,Finance,Deanna,Harper,Male,Specialist,Full-Time,2017-02-11
476,Operations,Elizabeth,Raymond,Male,Manager,Full-Time,2020-11-29
477,Sales,Zachary,Edwards,Male,Specialist,Full-Time,2023-09-14
478,Finance,Ryan,Frazier,Female,Coordinator,Part-Time,2020-08-02
479,HR,Shannon,Sanders,Female,Specialist,Full-Time,2021-05-02
480,HR,Amber,Padilla,Other,Specialist,Part-Time,2023-09-08
481,HR,Beth,Rodriguez,Other,Coordinator,Full-Time,2017-04-22
482,IT,Stephen,Yates,Other,Manager,Full-Time,2021-12-01
483,Sales,Ricky,Lane,Male,Specialist,Full-Time,2022-08-06
484,IT,Daniel,Norman,Other,Coordinator,Contract,2019-03-02
485,Logistics,Isabella,Beck,Male,Manager,Full-Time,2018-03-14
486,HR,Melissa,Townsend,Male,Associate,Full-Time,2024-01-02
487,IT,Andrew,Mclean,Other,Analyst,Contract,2017-06-24
488,Operations,Michelle,Coleman,Female,Manager,Contract,2019-12-20
489,IT,Melissa,Morales,Female,Analyst,Full-Time,2022-03-19
490,Sales,Breanna,Wright,Female,Specialist,Part-Time,2019-06-06
491,Sales,Christopher,Bolton,Female,Analyst,Full-Time,2015-07-17
492,IT,Jose,Gibbs,Other,Coordinator,Part-Time,2022-07-27
493,Finance,Scott,Tucker,Male,Manager,Full-Time,2017-04-16
494,HR,Christopher,Allen,Male,Specialist,Contract,2022-03-24
495,Finance,Anthony,Suarez,Male,Associate,Contract,2017-07-11
496,Operations,Katherine,Pope,Female,Coordinator,Full-Time,2016-07-05
497,Customer Service,Lauren,Warner,Male,Specialist,Full-Time,2024-05-15
498,Finance,Jorge,Wheeler,Female,Coordinator,Part-Time,2021-06-13
499,Operations,Stephanie,Williams,Female,Analyst,Contract,2022-08-08
500,Sales,Jennifer,Brown,Male,Analyst,Full-Time,2019-04-14
501,Logistics,Sierra,Anderson,Other,Associate,Part-Time,2020-08-14
502,Logistics,Curtis,Ferguson,Female,Coordinator,Contract,2017-06-24
503,Sales,Philip,Lewis,Female,Associate,Contract,2015-05-27
504,Finance,Maria,Maxwell,Female,Manager,Full-Time,2015-04-04
505,Sales,Robert,Rasmussen,Other,Manager,Part-Time,2023-01-15
506,Customer Service,Jessica,Hall,Other,Manager,Part-Time,2022-08-29
507,Customer Service,Aaron,Reed,Female,Specialist,Part-Time,2016-06-27
508,Sales,Matthew,Rodriguez,Female,Specialist,Full-Time,2020-07-24
509,Logistics,Amy,Lee,Other,Specialist,Contract,2015-12-14
510,Finance,William,Smith,Female,Associate,Part-Time,2020-02-29
511,IT,Sherry,Nelson,Male,Coordinator,Part-Time,2017-11-10
512,Customer Service,Gina,Williams,Female,Associate,Full-Time,2016-03-05
513,Sales,Patrick,Mcdonald,Other,Associate,Contract,2020-08-04
514,Finance,Eileen,Mathews,Other,Analyst,Contract,2024-10-23
515,HR,Jose,Martin,Male,Associate,Part-Time,2021-10-19
516,IT,Olivia,Reid,Female,Associate,Full-Time,2023-10-07
517,HR,Felicia,Cantrell,Female,Manager,Part-Time,2021-05-05
518,IT,James,Perez,Male,Specialist,Part-Time,2022-05-22
519,Customer Service,Heather,Sullivan,Other,Coordinator,Full-Time,2022-10-27
520,Logistics,Tara,Chambers,Other,Analyst,Part-Time,2023-01-29
521,Operations,Micheal,Walker,Other,Analyst,Contract,2016-07-23
522,Operations,Paige,Castillo,Other,Associate,Contract,2020-06-13
523,Customer Service,Tonya,Ingram,Male,Manager,Part-Time,2018-06-22
524,IT,Barbara,Bradley,Other,Associate,Contract,2018-11-30
525,Customer Service,Mark,Alexander,Other,Manager,Full-Time,2022-06-07
526,IT,Nicole,Wilkins,Male,Manager,Full-Time,2015-08-26
527,IT,Victoria,Brown,Female,Associate,Full-Time,2023-11-03
528,Operations,Joshua,Neal,Female,Associate,Full-Time,2015-12-17
529,Logistics,Katherine,Meyer,Female,Coordinator,Full-Time,2015-11-21
530,Finance,Allen,Johnson,Female,Analyst,Part-Time,2017-02-07
531,IT,Matthew,Padilla,Male,Analyst,Part-Time,2015-12-30
532,Customer Service,Robert,Dickerson,Male,Analyst,Part-Time,2016-07-31
533,Customer Service,Melody,Vance,Other,Analyst,Part-Time,2020-02-01
534,HR,Barbara,Smith,Other,Associate,Part-Time,2022-05-07
535,IT,Stacy,Williams,Other,Coordinator,Part-Time,2016-11-16
536,Operations,Todd,Bryant,Female,Analyst,Full-Time,2016-02-05
537,IT,Lance,Le,Female,Specialist,Full-Time,2018-12-05
538,Operations,Derek,Ballard,Male,Coordinator,Part-Time,2017-10-10
539,Operations,Jennifer,Schroeder,Female,Specialist,Part-Time,2023-07-04
540,Finance,Rachel,Kim,Other,Manager,Contract,2023-12-24
541,Customer Service,Rachel,Diaz,Male,Associate,Part-Time,2024-03-01
542,Operations,Laura,Cervantes,Female,Associate,Contract,2023-10-07
543,HR,Ryan,Price,Male,Analyst,Part-Time,2024-09-21
544,HR,Thomas,Johnson,Other,Coordinator,Full-Time,2016-11-29
545,Sales,Jacqueline,Thompson,Male,Coordinator,Part-Time,2024-05-24
546,Customer Service,Briana,Horn,Female,Manager,Contract,2018-10-08
547,Customer Service,Rachel,White,Female,Coordinator,Part-Time,2015-11-23
548,Customer Service,Laurie,Frey,Other,Analyst,Full-Time,2020-01-10
549,Finance,David,Perry,Other,Associate,Full-Time,2021-11-21
550,Sales,Susan,Prince,Male,Associate,Full-Time,2017-03-11
551,Finance,Megan,Ruiz,Other,Analyst,Part-Time,2021-10-22
552,Sales,Mark,Garza,Other,Manager,Part-Time,2019-05-19
553,IT,Tina,Baker,Male,Coordinator,Part-Time,2024-09-06
554,HR,Felicia,Osborne,Other,Specialist,Contract,2024-02-21
555,Sales,John,Jones,Other,Coordinator,Contract,2017-03-07
556,Finance,Mario,Mercado,Female,Analyst,Contract,2022-03-06
557,Logistics,Janice,Shields,Other,Analyst,Contract,2023-11-22
558,Customer Service,Tracy,Mills,Other,Manager,Contract,2023-04-17
559,Sales,Julie,Patterson,Female,Associate,Part-Time,2024-05-10
560,Sales,Karla,Aguilar,Female,Manager,Full-Time,2021-03-28
561,Sales,Nancy,Davis,Female,Coordinator,Contract,2016-10-01
562,Customer Service,Kevin,Martinez,Female,Associate,Full-Time,2024-03-20
563,Operations,Victoria,Anderson,Female,Coordinator,Full-Time,2021-04-02
564,Finance,Charles,Gonzalez,Female,Specialist,Contract,2022-05-25
565,IT,Robert,Pham,Female,Analyst,Full-Time,2016-01-09
566,Logistics,Katelyn,Jones,Female,Analyst,Contract,2021-03-17
567,Finance,Zachary,Sims,Other,Specialist,Full-Time,2015-11-04
568,Customer Service,Karl,Jackson,Male,Manager,Part-Time,2021-09-27
569,IT,John,Delacruz,Female,Manager,Contract,2020-12-04
570,Finance,Kaitlyn,Trujillo,Male,Associate,Contract,2022-01-20
571,HR,Michele,Miller,Female,Specialist,Part-Time,2024-09-18
572,Sales,Miranda,Rodriguez,Female,Analyst,Full-Time,2024-05-14
573,Sales,Emily,Burns,Female,Specialist,Full-Time,2017-12-21
574,Logistics,James,May,Other,Coordinator,Contract,2021-09-17
575,Customer Service,William,Bradley,Other,Manager,Part-Time,2023-05-22
576,Finance,Jeffrey,Good,Female,Manager,Part-Time,2018-03-29
577,Logistics,Jennifer,Cameron,Other,Specialist,Full-Time,2024-02-28
578,Logistics,Christopher,Patrick,Other,Manager,Full-Time,2015-10-29
579,Logistics,Kayla,Grimes,Male,Coordinator,Part-Time,2015-06-13
580,Logistics,Melissa,Long,Other,Specialist,Full-Time,2023-05-25
581,Customer Service,Donald,Chang,Female,Associate,Full-Time,2017-11-24
582,HR,Andrea,Flores,Male,Coordinator,Full-Time,2023-07-21
583,Finance,Nicholas,Stuart,Female,Associate,Part-Time,2017-11-28
584,IT,Mathew,Soto,Other,Associate,Part-Time,2015-04-11
585,Sales,Tammy,Nelson,Female,Analyst,Part-Time,2024-09-01
586,Sales,Cheryl,Melendez,Other,Analyst,Full-Time,2017-02-25
587,Logistics,Jared,Graves,Female,Coordinator,Full-Time,2020-03-08
588,Sales,Katherine,White,Male,Specialist,Contract,2022-11-09
589,Customer Service,Dawn,Parks,Female,Manager,Contract,2017-11-14
590,IT,William,Stewart,Female,Manager,Contract,2018-07-13
591,Logistics,Miguel,Mitchell,Other,Manager,Full-Time,2023-01-14
592,Operations,Rebecca,Jones,Male,Coordinator,Part-Time,2018-10-30
593,Customer Service,Rebecca,Meyer,Male,Coordinator,Part-Time,2021-03-24
594,HR,Tracy,Salinas,Other,Associate,Part-Time,2022-05-22
595,Finance,Michael,Watts,Male,Analyst,Full-Time,2020-01-20
596,IT,Nicholas,Wade,Other,Specialist,Full-Time,2015-07-19
597,HR,Thomas,Duran,Female,Analyst,Contract,2023-03-05
598,HR,Patricia,Horton,Other,Specialist,Full-Time,2024-01-07
599,Sales,Paul,Miller,Male,Associate,Full-Time,2019-01-16
600,IT,Robert,Reyes,Female,Specialist,Full-Time,2015-09-25
601,Customer Service,Brett,Cole,Female,Coordinator,Contract,2024-04-26
602,IT,James,Dixon,Other,Associate,Contract,2019-01-08
603,HR,Roberto,Smith,Male,Associate,Part-Time,2016-02-02
604,HR,Jon,Morgan,Female,Analyst,Contract,2022-01-20
605,HR,Erin,Brown,Male,Associate,Part-Time,2022-10-15
606,Sales,Jason,Tran,Female,Associate,Part-Time,2024-02-05
607,Logistics,Brooke,Wong,Male,Specialist,Part-Time,2024-12-07
608,Customer Service,Richard,Fernandez,Female,Coordinator,Full-Time,2021-07-23
609,Finance,Kimberly,Vaughn,Other,Coordinator,Full-Time,2016-12-31
610,Customer Service,Nicholas,Robinson,Female,Specialist,Part-Time,2019-08-03
611,HR,Joanne,Monroe,Female,Coordinator,Full-Time,2021-02-21
612,Logistics,John,Bowen,Male,Manager,Part-Time,2020-01-29
613,HR,Daniel,Palmer,Male,Associate,Full-Time,2024-07-30
614,Customer Service,Charles,Deleon,Other,Specialist,Part-Time,2018-09-21
615,Sales,Sydney,Herrera,Male,Manager,Part-Time,2022-03-31
616,IT,James,Hurst,Male,Analyst,Full-Time,2023-02-04
617,Customer Service,Nathan,Atkins,Male,Associate,Full-Time,2016-08-05
618,HR,Erin,Crosby,Female,Specialist,Part-Time,2019-09-02
619,Customer Service,Christopher,Green,Other,Manager,Part-Time,2021-11-02
620,Logistics,Jennifer,Lambert,Female,Associate,Part-Time,2023-06-04
621,HR,Julia,Martin,Female,Associate,Contract,2019-09-22
622,HR,Brandon,Shah,Female,Specialist,Part-Time,2024-11-04
623,Customer Service,Nicole,Green,Male,Manager,Part-Time,2015-11-05
624,Customer Service,Mary,Boyd,Female,Specialist,Contract,2022-08-22
625,Finance,Norma,Gonzalez,Other,Analyst,Part-Time,2021-09-09
626,Finance,Kevin,Morris,Female,Manager,Contract,2024-03-16
627,Finance,Michelle,Proctor,Male,Manager,Part-Time,2024-01-03
628,HR,Steven,Lam,Other,Manager,Contract,2022-05-09
629,Logistics,Olivia,Rodriguez,Male,Manager,Contract,2022-11-21
630,Operations,Gilbert,Ramos,Other,Specialist,Contract,2021-08-01
631,Customer Service,Robert,Weaver,Female,Coordinator,Contract,2016-05-28
632,Logistics,Derek,Pruitt,Other,Associate,Contract,2024-10-16
633,Sales,John,Smith,Other,Analyst,Part-Time,2020-12-26
634,Customer Service,Philip,Smith,Female,Specialist,Contract,2023-08-09
635,IT,Amanda,Olson,Male,Manager,Part-Time,2016-12-17
636,Customer Service,Heather,Strickland,Male,Coordinator,Contract,2016-09-02
637,Operations,William,Mora,Female,Specialist,Full-Time,2022-06-22
638,IT,Rachel,Harrison,Female,Analyst,Part-Time,2020-06-02
639,HR,Angela,Webb,Female,Specialist,Full-Time,2021-04-09
640,IT,Olivia,Oconnor,Other,Manager,Contract,2022-07-30
641,Logistics,Tracy,Smith,Female,Specialist,Full-Time,2016-01-07
642,Logistics,Tyler,Fisher,Female,Associate,Part-Time,2021-03-20
643,IT,Kristen,Ortega,Female,Analyst,Full-Time,2021-06-17
644,Sales,Tammy,Graham,Male,Specialist,Full-Time,2022-02-01
645,Logistics,Michele,Mata,Male,Analyst,Full-Time,2018-10-08
646,Customer Service,Christina,Young,Female,Analyst,Part-Time,2020-05-29
647,Logistics,Gabrielle,Marshall,Female,Associate,Part-Time,2019-06-24
648,Sales,Debra,Thomas,Other,Associate,Full-Time,2016-10-06
649,IT,Shelley,Munoz,Other,Coordinator,Full-Time,2023-10-25
650,Customer Service,Mary,Smith,Other,Manager,Part-Time,2016-01-28
651,Operations,Jennifer,Fisher,Female,Specialist,Part-Time,2022-09-17
652,Customer Service,Devon,Webb,Female,Coordinator,Full-Time,2018-10-22
653,Operations,Michael,Massey,Male,Associate,Contract,2017-09-26
654,Customer Service,James,Fields,Female,Analyst,Part-Time,2015-07-10
655,Operations,Kara,Lopez,Other,Specialist,Part-Time,2015-10-18
656,Sales,Kristin,Davis,Female,Manager,Contract,2017-07-15
657,Customer Service,Natalie,Thomas,Other,Associate,Part-Time,2021-03-10
658,Operations,Misty,Campbell,Female,Coordinator,Contract,2024-03-31
659,Logistics,Suzanne,Mills,Female,Analyst,Full-Time,2021-02-17
660,Customer Service,Kristen,Black,Male,Coordinator,Full-Time,2022-07-14
661,Operations,Thomas,Hoffman,Other,Analyst,Full-Time,2020-11-17
662,HR,Steven,Douglas,Other,Associate,Part-Time,2018-11-19
663,HR,Angela,Garcia,Female,Analyst,Contract,2019-05-01
664,IT,Juan,Price,Male,Manager,Full-Time,2023-03-27
665,Finance,Joseph,Andrews,Male,Analyst,Full-Time,2023-05-10
666,Sales,Edward,Williams,Male,Specialist,Full-Time,2023-06-12
667,IT,Susan,Mercado,Other,Coordinator,Part-Time,2019-05-12
668,IT,Timothy,Lambert,Female,Manager,Full-Time,2015-07-23
669,Finance,Tanner,Hughes,Female,Specialist,Contract,2018-08-25
670,HR,Christopher,Evans,Female,Coordinator,Contract,2016-12-07
671,Customer Service,Candice,Murphy,Other,Manager,Part-Time,2021-09-07
672,Operations,Michael,Morales,Male,Coordinator,Full-Time,2023-09-01
673,Logistics,Kenneth,Mendez,Other,Manager,Full-Time,2024-09-21
674,Logistics,Charles,Mcdonald,Other,Analyst,Part-Time,2023-06-06
675,HR,Karen,Rodriguez,Other,Specialist,Contract,2017-01-31
676,Operations,Katie,Salazar,Female,Associate,Full-Time,2017-12-24
677,Operations,Denise,Morales,Female,Specialist,Full-Time,2022-04-25
678,Sales,Jared,Morris,Other,Specialist,Full-Time,2017-01-28
679,IT,Christy,Escobar,Other,Manager,Part-Time,2021-07-23
680,Sales,Brian,Mullins,Female,Associate,Part-Time,2020-01-23
681,IT,Antonio,Lynch,Female,Manager,Part-Time,2024-07-23
682,Sales,Jennifer,Smith,Female,Analyst,Full-Time,2023-06-02
683,Operations,Ashley,Mueller,Other,Specialist,Part-Time,2017-11-10
684,Sales,Joshua,Wright,Male,Coordinator,Part-Time,2015-06-17
685,Logistics,Arthur,Salinas,Other,Coordinator,Contract,2017-01-02
686,HR,Robert,Johnson,Female,Manager,Part-Time,2017-09-08
687,HR,Raymond,Cunningham,Female,Coordinator,Part-Time,2019-09-17
688,Sales,Jessica,Mckinney,Male,Coordinator,Part-Time,2016-03-22
689,IT,Edward,Tucker,Male,Coordinator,Full-Time,2017-08-07
690,HR,Julie,Smith,Other,Manager,Full-Time,2021-08-15
691,IT,Jennifer,Evans,Female,Analyst,Full-Time,2020-03-06
692,HR,Matthew,Rogers,Other,Analyst,Contract,2020-12-23
693,Finance,Alicia,Stanley,Other,Manager,Contract,2020-09-16
694,Operations,Susan,Wilson,Male,Analyst,Contract,2015-08-25
695,Operations,Matthew,Ali,Male,Manager,Part-Time,2016-03-24
696,Logistics,Diane,Hayes,Female,Analyst,Contract,2021-01-23
697,Logistics,Michael,Brown,Male,Analyst,Contract,2020-04-10
698,Finance,Matthew,Tran,Male,Specialist,Contract,2015-10-11
699,Sales,Henry,Mclaughlin,Male,Coordinator,Part-Time,2023-11-16
700,IT,James,Brooks,Other,Specialist,Contract,2015-11-12
701,HR,Erica,Berry,Other,Coordinator,Part-Time,2024-10-30
702,Customer Service,Shelly,Lopez,Other,Manager,Part-Time,2024-08-11
703,Customer Service,Russell,Holder,Other,Specialist,Full-Time,2018-10-18
704,Logistics,Anthony,Thomas,Female,Coordinator,Full-Time,2024-11-27
705,IT,Frances,Myers,Female,Analyst,Contract,2023-09-06
706,Operations,Rose,Best,Male,Coordinator,Full-Time,2022-01-27
707,IT,Kathryn,Ford,Female,Associate,Part-Time,2023-01-15
708,HR,Michelle,Thompson,Male,Analyst,Contract,2019-04-11
709,IT,Benjamin,Yu,Female,Coordinator,Full-Time,2024-02-05
710,Finance,Steven,Nielsen,Male,Analyst,Full-Time,2023-12-03
711,IT,Melissa,Jones,Female,Manager,Contract,2023-05-20
712,Finance,Ashley,Wright,Female,Specialist,Full-Time,2017-07-17
713,Operations,Christian,Valenzuela,Other,Associate,Part-Time,2020-07-07
714,Sales,Brian,Chandler,Female,Manager,Full-Time,2021-08-31
715,Operations,John,Norman,Other,Specialist,Full-Time,2016-11-25
716,IT,Kyle,Peterson,Other,Specialist,Full-Time,2021-11-28
717,Logistics,Veronica,Jackson,Male,Associate,Part-Time,2018-11-23
718,IT,Elizabeth,Flynn,Female,Manager,Contract,2015-06-20
719,IT,Madison,Taylor,Other,Analyst,Contract,2018-09-07
720,Sales,Christian,Wilson,Female,Specialist,Contract,2020-01-16
721,Sales,Carol,Duncan,Other,Associate,Contract,2019-06-23
722,Customer Service,Kathy,Hickman,Other,Analyst,Full-Time,2024-03-12
723,Finance,Warren,Johnson,Female,Manager,Part-Time,2018-12-25
724,Customer Service,Brittany,Zimmerman,Other,Analyst,Contract,2016-04-03
725,Operations,Raymond,Gibson,Other,Coordinator,Part-Time,2015-09-17
726,Customer Service,Leonard,Sparks,Male,Specialist,Part-Time,2015-10-02
727,Operations,Christopher,Robertson,Female,Coordinator,Full-Time,2025-02-11
728,Finance,Amy,Thomas,Male,Associate,Contract,2016-08-05
729,Logistics,Felicia,Cameron,Other,Associate,Part-Time,2020-03-12
730,HR,Lucas,Munoz,Female,Associate,Contract,2019-01-17
731,Customer Service,Jason,Gonzalez,Other,Specialist,Full-Time,2020-07-26
732,Operations,Suzanne,Chaney,Female,Analyst,Contract,2017-12-02
733,Finance,Kristin,Gardner,Other,Associate,Contract,2020-06-20
734,IT,Joshua,Avila,Female,Specialist,Part-Time,2019-02-02
735,Sales,Ronald,Carey,Male,Associate,Contract,2015-07-19
736,Logistics,Larry,Lee,Other,Coordinator,Part-Time,2023-08-11
737,Customer Service,Kirk,Combs,Other,Analyst,Full-Time,2019-12-22
738,Customer Service,Shane,Fowler,Male,Coordinator,Full-Time,2017-01-19
739,Customer Service,Sandra,Smith,Female,Manager,Part-Time,2022-09-09
740,Finance,William,Cox,Female,Coordinator,Full-Time,2024-11-28
741,Finance,Kathryn,Allen,Female,Coordinator,Contract,2024-11-17
742,HR,Ricky,Lara,Other,Manager,Part-Time,2022-04-07
743,HR,Tommy,York,Female,Analyst,Part-Time,2020-08-02
744,IT,Aaron,Castillo,Male,Manager,Contract,2019-11-11
745,Finance,Jennifer,Morgan,Male,Coordinator,Full-Time,2022-04-11
746,Finance,Jessica,King,Female,Coordinator,Part-Time,2021-11-01
747,HR,Robert,Berry,Male,Manager,Contract,2017-11-03
748,HR,Emily,Ingram,Male,Manager,Part-Time,2023-12-15
749,IT,Michele,Mccarthy,Other,Analyst,Contract,2023-09-10
750,Sales,Mary,Martinez,Female,Analyst,Contract,2018-07-22
751,Operations,Amy,Liu,Male,Specialist,Full-Time,2021-05-10
752,Sales,Dylan,Navarro,Male,Manager,Full-Time,2016-12-09
753,Operations,Christina,Torres,Male,Associate,Contract,2024-02-14
754,IT,Joy,Solomon,Female,Manager,Contract,2021-09-01
755,Sales,Jennifer,Hubbard,Female,Coordinator,Part-Time,2017-11-29
756,Logistics,Miguel,Hernandez,Other,Specialist,Contract,2017-09-18
757,Customer Service,Matthew,Daniels,Other,Manager,Part-Time,2020-12-21
758,Operations,Caroline,Lopez,Male,Associate,Part-Time,2017-11-19
759,Sales,Nicholas,Duncan,Other,Specialist,Contract,2022-12-09
760,Operations,Alison,Richardson,Male,Associate,Full-Time,2020-10-23
761,IT,Christine,Lynn,Male,Analyst,Contract,2022-02-13
762,Logistics,Joshua,Aguilar,Female,Associate,Full-Time,2016-03-11
763,IT,Frank,Olson,Other,Associate,Part-Time,2015-04-25
764,Operations,Jesse,Lane,Male,Analyst,Contract,2018-01-25
765,IT,Jesse,Huynh,Female,Manager,Part-Time,2017-05-30
766,HR,Jessica,Morgan,Female,Coordinator,Contract,2019-06-30
767,Finance,Audrey,Chang,Other,Manager,Part-Time,2015-11-18
768,IT,Jacob,Morrison,Other,Associate,Contract,2017-06-13
769,Logistics,Roberto,Garcia,Female,Associate,Full-Time,2019-01-23
770,Finance,Justin,Hickman,Other,Coordinator,Part-Time,2020-02-16
771,Sales,Andre,Miller,Male,Manager,Contract,2015-11-28
772,IT,Joshua,Tucker,Female,Manager,Full-Time,2021-07-30
773,Operations,Timothy,Johnson,Other,Coordinator,Full-Time,2021-09-30
774,Logistics,John,Johnson,Female,Analyst,Part-Time,2023-03-17
775,Logistics,Amanda,Jenkins,Other,Associate,Contract,2022-12-05
776,Finance,Gregg,Hayes,Other,Analyst,Full-Time,2016-12-24
777,Logistics,Eric,Brown,Male,Coordinator,Full-Time,2018-05-20
778,IT,Jon,Berry,Other,Analyst,Part-Time,2021-05-11
779,Customer Service,Michael,Jones,Female,Coordinator,Contract,2016-08-01
780,Operations,Javier,King,Female,Specialist,Part-Time,2021-07-09
781,Customer Service,Christopher,Cantu,Other,Associate,Part-Time,2024-01-25
782,Sales,Paul,Reyes,Male,Associate,Full-Time,2024-11-01
783,HR,Antonio,Rivera,Female,Associate,Part-Time,2015-12-26
784,Logistics,Todd,Richmond,Other,Specialist,Full-Time,2019-09-16
785,Logistics,Shannon,King,Male,Analyst,Part-Time,2016-12-25
786,IT,John,Lamb,Male,Manager,Part-Time,2024-01-12
787,IT,Andrea,Hodges,Other,Specialist,Contract,2018-01-25
788,Logistics,Mary,Welch,Female,Manager,Contract,2023-11-13
789,Finance,Jon,Garza,Other,Manager,Full-Time,2015-06-13
790,Logistics,Jessica,Clark,Male,Analyst,Part-Time,2020-12-21
791,Sales,Vincent,West,Other,Specialist,Full-Time,2016-06-04
792,Finance,Gary,Hansen,Other,Specialist,Part-Time,2022-04-08
793,Logistics,Spencer,Wilson,Other,Analyst,Part-Time,2022-02-03
794,Logistics,Michelle,Grant,Female,Coordinator,Contract,2022-08-01
795,IT,Maria,Gallagher,Female,Analyst,Full-Time,2015-12-25
796,Customer Service,Aaron,Powell,Female,Manager,Full-Time,2024-06-20
797,Customer Service,Mark,Marshall,Other,Manager,Contract,2017-03-13
798,Finance,Jose,Contreras,Male,Specialist,Full-Time,2018-04-20
799,Sales,Dakota,Mathews,Female,Specialist,Part-Time,2018-12-11
800,Operations,Sarah,Smith,Male,Manager,Full-Time,2025-02-04
801,Logistics,Julie,Ramirez,Female,Analyst,Part-Time,2017-05-28
802,HR,Emily,Collins,Female,Specialist,Full-Time,2023-07-18
803,IT,Sabrina,David,Male,Coordinator,Part-Time,2024-03-18
804,IT,Jeremy,Douglas,Female,Coordinator,Contract,2024-08-28
805,Finance,William,Klein,Other,Coordinator,Contract,2020-03-30
806,Logistics,Deanna,Matthews,Female,Coordinator,Contract,2019-12-06
807,Finance,Mary,Baldwin,Other,Associate,Contract,2023-07-06
808,Finance,Victoria,Rhodes,Other,Analyst,Full-Time,2015-10-26
809,Sales,Amanda,Barnett,Other,Manager,Part-Time,2024-09-19
810,HR,Julie,Hall,Female,Specialist,Part-Time,2021-09-26
811,HR,Holly,Miller,Male,Associate,Part-Time,2018-07-16
812,IT,Michele,Farmer,Female,Manager,Part-Time,2022-04-29
813,Finance,Robert,Wolf,Male,Manager,Part-Time,2016-08-27
814,Logistics,Sara,Williams,Female,Coordinator,Full-Time,2020-10-18
815,Operations,Michelle,Perez,Male,Manager,Contract,2017-08-20
816,Operations,Timothy,Baker,Male,Analyst,Contract,2023-04-21
817,Logistics,Cody,Moody,Other,Coordinator,Contract,2021-11-23
818,Operations,Christopher,Goodman,Other,Manager,Contract,2020-09-26
819,Finance,James,Sharp,Male,Coordinator,Part-Time,2024-08-17
820,Sales,Michael,Hayes,Female,Analyst,Full-Time,2020-01-15
821,Logistics,William,Gaines,Male,Associate,Full-Time,2020-05-24
822,Operations,Jacob,Terrell,Male,Associate,Part-Time,2020-05-25
823,IT,Donald,Kemp,Male,Manager,Contract,2017-11-19
824,Logistics,Willie,Baker,Female,Manager,Contract,2015-07-01
825,Finance,James,Oneill,Male,Specialist,Contract,2017-09-15
826,Logistics,Rachel,Wilson,Male,Specialist,Part-Time,2017-12-19
827,Sales,Tara,Smith,Other,Associate,Part-Time,2019-08-29
828,Logistics,Kelsey,Daniels,Male,Specialist,Part-Time,2024-09-09
829,Customer Service,Amanda,Prince,Male,Associate,Full-Time,2017-10-12
830,Finance,Christian,Trevino,Female,Associate,Full-Time,2019-07-08
831,Sales,Jason,Willis,Male,Coordinator,Contract,2024-05-16
832,Customer Service,Christy,Haynes,Male,Analyst,Contract,2024-07-02
833,Sales,Alison,Lucero,Other,Coordinator,Full-Time,2021-12-05
834,Operations,Amanda,Swanson,Female,Coordinator,Part-Time,2018-07-02
835,Logistics,Dana,Robinson,Female,Associate,Contract,2016-06-11
836,Sales,Heather,Wilson,Male,Analyst,Full-Time,2019-05-27
837,Finance,Tracy,Davis,Female,Analyst,Part-Time,2023-02-04
838,IT,Carrie,Cooper,Other,Manager,Contract,2019-03-28
839,Finance,Matthew,Smith,Female,Coordinator,Full-Time,2023-02-07
840,HR,Cindy,Peterson,Other,Specialist,Contract,2016-07-20
841,Operations,Christine,Roberts,Male,Coordinator,Contract,2020-05-08
842,IT,Lisa,Webb,Female,Manager,Part-Time,2021-06-27
843,Operations,Alexandra,Gibson,Female,Analyst,Part-Time,2015-12-14
844,Customer Service,Janice,Chan,Other,Analyst,Contract,2019-02-04
845,Logistics,Erica,Silva,Male,Analyst,Contract,2016-06-30
846,Finance,Teresa,Crosby,Female,Associate,Full-Time,2017-02-10
847,Operations,Sabrina,Roth,Female,Analyst,Part-Time,2024-04-24
848,IT,Teresa,Robbins,Other,Manager,Part-Time,2015-10-13
849,Operations,Angela,Evans,Other,Manager,Full-Time,2017-11-02
850,Sales,Nicholas,Woods,Other,Associate,Contract,2021-09-17
851,Customer Service,Michael,Collier,Female,Coordinator,Contract,2021-09-20
852,Logistics,April,Garcia,Female,Specialist,Full-Time,2017-04-25
853,IT,Paige,Williams,Male,Coordinator,Part-Time,2019-09-23
854,Logistics,Michelle,Ashley,Other,Specialist,Full-Time,2017-04-24
855,HR,Nicholas,Johnston,Female,Manager,Contract,2019-06-22
856,Customer Service,Michael,Myers,Other,Associate,Full-Time,2025-01-02
857,Finance,Christine,Ibarra,Male,Coordinator,Part-Time,2022-03-13
858,Operations,Jason,Cox,Male,Coordinator,Full-Time,2015-05-09
859,Finance,Jamie,Nunez,Other,Analyst,Full-Time,2021-10-06
860,Finance,Melissa,Bell,Other,Analyst,Full-Time,2016-09-10
861,Sales,Briana,Peterson,Male,Specialist,Contract,2015-08-30
862,Finance,Larry,Hernandez,Other,Manager,Full-Time,2019-09-24
863,Logistics,Kathryn,Cunningham,Male,Specialist,Full-Time,2022-12-21
864,Customer Service,Ashley,Bryant,Female,Manager,Contract,2016-10-25
865,Sales,Amy,Jackson,Other,Analyst,Contract,2023-10-10
866,Operations,Jennifer,Vega,Other,Manager,Full-Time,2024-11-26
867,Sales,Blake,Clark,Male,Specialist,Full-Time,2017-05-10
868,Logistics,Brian,Hunter,Female,Coordinator,Part-Time,2016-12-23
869,IT,James,Adams,Other,Specialist,Part-Time,2025-02-10
870,Operations,Amanda,Zhang,Female,Associate,Full-Time,2017-05-16
871,HR,Lori,Johnson,Female,Analyst,Part-Time,2020-08-10
872,Operations,Michelle,Harris,Other,Analyst,Full-Time,2021-09-06
873,IT,Jaime,Smith,Male,Manager,Contract,2017-09-04
874,Sales,David,Romero,Female,Specialist,Part-Time,2020-05-30
875,Sales,Catherine,Frye,Male,Manager,Full-Time,2023-07-08
876,IT,Lisa,James,Other,Analyst,Contract,2022-03-16
877,Customer Service,Larry,Garrison,Male,Manager,Part-Time,2024-10-09
878,HR,Eric,Harmon,Female,Specialist,Part-Time,2024-08-21
879,Sales,Hannah,Smith,Male,Coordinator,Contract,2018-11-03
880,Operations,Nancy,Hamilton,Other,Specialist,Contract,2020-03-02
881,Operations,Audrey,Cummings,Female,Manager,Contract,2016-04-27
882,Sales,Julie,Daniel,Male,Analyst,Contract,2016-01-06
883,IT,John,White,Other,Coordinator,Full-Time,2018-12-29
884,Customer Service,Kathryn,Glenn,Female,Manager,Full-Time,2019-09-12
885,IT,Brett,Santos,Other,Manager,Full-Time,2016-07-30
886,IT,Briana,Roy,Female,Specialist,Full-Time,2020-01-09
887,Operations,Sandra,Jones,Other,Associate,Full-Time,2016-10-30
888,Finance,Glenn,Stone,Male,Manager,Full-Time,2018-08-12
889,Sales,Zachary,Huynh,Male,Manager,Contract,2016-06-06
890,Sales,Eric,Casey,Other,Associate,Contract,2024-01-07
891,IT,Rebecca,Alvarez,Other,Coordinator,Contract,2017-01-03
892,Operations,Kenneth,Weber,Female,Manager,Contract,2017-02-16
893,Sales,Veronica,Atkins,Female,Analyst,Full-Time,2024-10-23
894,Operations,Kenneth,Ware,Other,Analyst,Contract,2017-01-02
895,Sales,Richard,Zamora,Male,Manager,Full-Time,2020-07-21
896,Finance,James,Gonzales,Male,Manager,Contract,2015-05-30
897,IT,Christopher,Brooks,Male,Associate,Part-Time,2021-01-21
898,IT,Nicole,Williams,Other,Manager,Contract,2016-09-14
899,Sales,Michael,Pena,Male,Manager,Part-Time,2019-03-08
900,HR,James,Hudson,Male,Coordinator,Contract,2017-11-27
901,HR,Brian,Orozco,Male,Analyst,Contract,2020-08-07
902,Logistics,Bryan,Sullivan,Male,Associate,Full-Time,2017-03-19
903,Sales,Jeffrey,Bennett,Female,Manager,Contract,2022-10-24
904,Customer Service,James,Crawford,Other,Manager,Contract,2015-04-13
905,Customer Service,Lindsey,Lawrence,Other,Analyst,Contract,2020-07-06
906,Sales,Kenneth,Suarez,Male,Coordinator,Contract,2020-07-19
907,Sales,Shannon,Morton,Female,Analyst,Part-Time,2022-11-27
908,Logistics,Amanda,Livingston,Male,Associate,Part-Time,2015-11-25
909,Customer Service,Emily,Jones,Female,Specialist,Full-Time,2023-10-16
910,HR,Cory,Floyd,Male,Specialist,Full-Time,2021-05-22
911,IT,Brandon,Brown,Male,Analyst,Contract,2022-04-15
912,Logistics,Zoe,Kim,Other,Manager,Full-Time,2015-04-08
913,Logistics,Joy,Allen,Female,Coordinator,Full-Time,2024-12-25
914,IT,Michael,Howard,Other,Manager,Full-Time,2019-12-03
915,Customer Service,Ana,Anderson,Other,Associate,Part-Time,2016-01-21
916,Finance,Elizabeth,Harper,Other,Manager,Contract,2021-10-25
917,IT,Lawrence,Jackson,Male,Manager,Part-Time,2022-12-15
918,IT,Stephen,Guerrero,Female,Analyst,Contract,2016-12-11
919,HR,Judith,Johnson,Other,Associate,Full-Time,2020-04-11
920,HR,Jean,Fernandez,Female,Analyst,Part-Time,2023-10-22
921,Customer Service,John,Santana,Female,Associate,Contract,2023-01-18
922,Finance,Lauren,Hendricks,Female,Coordinator,Part-Time,2024-03-14
923,Customer Service,Mark,Mitchell,Female,Associate,Contract,2018-11-11
924,HR,Olivia,Martin,Female,Manager,Full-Time,2016-06-03
925,Operations,David,Lee,Other,Manager,Contract,2015-08-13
926,Customer Service,Angela,David,Other,Manager,Part-Time,2018-08-11
927,Finance,Terri,Allen,Female,Analyst,Part-Time,2017-01-08
928,IT,Carla,French,Female,Associate,Part-Time,2019-09-18
929,IT,Corey,Lewis,Female,Associate,Contract,2021-04-05
930,IT,Richard,Lawrence,Other,Coordinator,Part-Time,2021-11-15
931,Sales,Christina,Hall,Male,Associate,Full-Time,2019-11-13
932,Finance,Rebecca,Ramirez,Male,Analyst,Contract,2020-08-06
933,Logistics,Joseph,Johnson,Female,Analyst,Full-Time,2023-04-22
934,Customer Service,Eric,Morales,Other,Analyst,Full-Time,2017-05-16
935,Operations,Robert,Erickson,Female,Specialist,Full-Time,2017-11-02
936,Logistics,Gabrielle,Johnson,Female,Coordinator,Contract,2023-01-12
937,Logistics,Sarah,Charles,Female,Associate,Contract,2020-10-28
938,Sales,Samantha,Meza,Male,Specialist,Full-Time,2023-04-13
939,Operations,Linda,Knight,Male,Analyst,Full-Time,2019-10-26
940,HR,Andrew,Mccann,Other,Associate,Full-Time,2016-03-04
941,Logistics,Teresa,Zimmerman,Male,Analyst,Part-Time,2022-12-26
942,Finance,Samantha,Frazier,Other,Manager,Full-Time,2019-10-19
943,Logistics,Kaitlin,Smith,Other,Manager,Full-Time,2015-09-16
944,IT,Tina,Salazar,Other,Analyst,Contract,2019-01-11
945,IT,Oscar,Pena,Other,Analyst,Contract,2018-11-24
946,Operations,Christina,Lee,Female,Coordinator,Part-Time,2022-11-23
947,Sales,Andre,Kim,Male,Analyst,Part-Time,2019-10-05
948,HR,Paula,Hobbs,Male,Associate,Full-Time,2019-08-21
949,IT,Pamela,Morris,Female,Associate,Part-Time,2025-02-13
950,Customer Service,Melissa,Taylor,Female,Specialist,Part-Time,2024-03-06
951,Sales,Jessica,Torres,Male,Specialist,Full-Time,2022-11-23
952,Logistics,Dana,Taylor,Other,Manager,Contract,2015-04-23
953,Customer Service,Ernest,Cooper,Male,Analyst,Contract,2019-02-25
954,Finance,John,Olson,Other,Analyst,Contract,2019-06-12
955,Sales,Lauren,Davenport,Female,Associate,Contract,2017-01-21
956,Sales,David,Johnson,Male,Manager,Full-Time,2019-02-19
957,HR,Amanda,Reyes,Male,Analyst,Full-Time,2021-12-07
958,Sales,Robert,Bentley,Male,Manager,Full-Time,2020-02-28
959,Customer Service,Wesley,King,Other,Specialist,Full-Time,2016-10-03
960,Customer Service,David,Blackwell,Other,Associate,Part-Time,2018-05-28
961,HR,Gloria,Peters,Other,Coordinator,Part-Time,2022-02-15
962,Customer Service,Cynthia,Mitchell,Other,Specialist,Full-Time,2020-05-09
963,HR,Victor,Mendoza,Male,Associate,Contract,2016-06-12
964,Customer Service,Sarah,Valentine,Other,Specialist,Contract,2015-04-26
965,Logistics,Richard,Sanchez,Other,Associate,Part-Time,2021-10-19
966,Sales,Debra,Wilson,Male,Manager,Contract,2015-07-14
967,Sales,Parker,Lane,Female,Analyst,Full-Time,2019-01-21
968,Sales,Christine,Molina,Other,Associate,Part-Time,2018-02-05
969,Finance,Kimberly,Marsh,Female,Analyst,Contract,2022-07-02
970,Finance,Stephanie,Logan,Other,Manager,Full-Time,2022-11-30
971,Finance,Anthony,Scott,Female,Analyst,Part-Time,2021-03-17
972,Customer Service,James,Cox,Male,Specialist,Contract,2019-03-22
973,Customer Service,Joseph,Mccarty,Other,Analyst,Contract,2016-05-10
974,Logistics,Ashley,Conway,Female,Associate,Contract,2024-09-17
975,Customer Service,Sarah,Moreno,Female,Specialist,Full-Time,2016-01-07
976,Operations,Christopher,Smith,Male,Coordinator,Part-Time,2021-02-27
977,Operations,Adam,Wright,Female,Associate,Part-Time,2023-07-24
978,Customer Service,Michael,Wallace,Female,Analyst,Part-Time,2021-12-28
979,IT,Jerry,Wolf,Other,Coordinator,Part-Time,2019-05-09
980,Operations,Ebony,Turner,Male,Analyst,Full-Time,2016-09-25
981,Finance,Cynthia,Anderson,Male,Analyst,Full-Time,2015-11-10
982,Customer Service,Sandra,Cook,Male,Coordinator,Full-Time,2016-08-16
983,Sales,Stacey,Johnson,Male,Associate,Full-Time,2015-09-13
984,HR,Michael,Hawkins,Female,Coordinator,Contract,2024-04-29
985,Logistics,David,Arellano,Other,Coordinator,Contract,2022-02-25
986,Operations,David,Coleman,Other,Manager,Full-Time,2020-11-23
987,HR,Courtney,Moreno,Male,Manager,Contract,2020-04-08
988,Finance,Brandon,Yu,Male,Specialist,Contract,2022-03-03
989,Logistics,James,Stephens,Male,Manager,Contract,2016-11-07
990,Operations,Dustin,Johnson,Female,Analyst,Full-Time,2018-01-23
991,Operations,Brandon,White,Female,Coordinator,Contract,2020-09-21
992,Customer Service,Deanna,Perez,Male,Manager,Full-Time,2019-02-01
993,Sales,Steven,Lawrence,Male,Associate,Part-Time,2021-12-25
994,Customer Service,Megan,Anderson,Male,Coordinator,Full-Time,2015-11-18
995,Finance,Angelica,Martinez,Male,Associate,Contract,2021-11-08
996,HR,Christina,Barron,Female,Coordinator,Full-Time,2020-02-26
997,IT,Jessica,Stark,Male,Manager,Contract,2015-08-10
998,Customer Service,Jonathan,Johnson,Other,Associate,Part-Time,2016-04-15
999,HR,James,Lam,Male,Specialist,Part-Time,2020-01-09
1000,Operations,Steven,Howell,Female,Analyst,Full-Time,2022-09-29
