customer_id,customer_name,customer_email,customer_phone,customer_segment,customer_type
CUST1000,Veronica Smith,ywilkinson@lee.info,843-379-7662x7051,Adult,Returning
CUST1001,Jill Conway,wilsonrachel@hotmail.com,579-423-8736,Youth,New
CUST1002,Lisa Haley,cruiz@hotmail.com,042.549.6919x2845,Adult,Returning
CUST1003,Erica Moon,kennethgallegos@williams-smith.biz,001-525-971-0756x3353,Adult,Returning
CUST1004,Janice Fernandez,mmclaughlin@hotmail.com,748-595-3259x39933,Adult,Returning
CUST1005,Thomas Short,freemantodd@hotmail.com,970.581.6295x1877,Adult,VIP
CUST1006,Robert Griffin,jenniferrice@yahoo.com,+1-417-634-2507x330,Adult,Returning
CUST1007,Steven Lee,adamsdeborah@yahoo.com,597-824-5759x83399,Youth,Returning
CUST1008,Tiffany Jackson,pdean@west-graham.com,403-884-3660,Youth,Returning
CUST1009,Kimberly Smith,taylorkim@hotmail.com,432-400-6157x2768,Adult,Returning
CUST1010,Michael Ayala,sandra72@sharp-myers.biz,(975)147-4397,Adult,New
CUST1011,Jessica Garcia,kmarsh@hotmail.com,292-501-0587x5256,Youth,VIP
CUST1012,Michele Cherry,hannah17@thompson.org,+1-065-625-9045,Senior,Returning
CUST1013,Maria Case,leonsherry@yahoo.com,001-908-027-1122,Adult,New
CUST1014,Brittany Stevens,jasonwilliams@gmail.com,823-155-5165,Adult,New
CUST1015,Brandon Brown,michael22@hotmail.com,001-176-808-6628x13721,Senior,Returning
CUST1016,Kristin Andrews,morgandaniel@martinez.info,001-433-080-0370x03322,Youth,VIP
CUST1017,David Hughes,kristen08@yahoo.com,556.608.4706x81039,Senior,VIP
CUST1018,Jessica Smith,mccarthysara@lloyd-estes.com,3397051958,Youth,VIP
CUST1019,Kimberly May,colonbobby@jackson.com,(632)809-4485,Adult,Returning
CUST1020,Nicole Richards,jessicaerickson@hotmail.com,623.945.3546x14707,Senior,New
CUST1021,Angel Reilly,mooremichael@gmail.com,+1-863-210-6133x943,Senior,VIP
CUST1022,Richard Turner,scottperry@sanchez.com,001-457-039-4380,Adult,VIP
CUST1023,Preston Kim,christopherwatson@yahoo.com,032-537-6576x9277,Adult,VIP
CUST1024,Matthew Wells,edwardmolina@yahoo.com,+1-943-191-0090,Adult,New
CUST1025,Brandy Myers,lauriegutierrez@villanueva-crane.net,4047692105,Youth,New
CUST1026,Kimberly Choi,ramoskayla@hotmail.com,365.146.0401,Senior,Returning
CUST1027,Michael Sloan,morganrichard@hamilton.com,247-310-7201x1379,Youth,New
CUST1028,Monica Brooks,levinetina@liu.net,001-844-097-1231x660,Senior,New
CUST1029,Kristen Peters,regina04@hotmail.com,7676209014,Youth,Returning
CUST1030,Aaron Carlson,ngriffin@weber.com,001-473-404-3370x096,Youth,New
CUST1031,Theresa Torres,nicolemiller@hotmail.com,+1-730-451-9577,Senior,New
CUST1032,Stephanie Cooper,vhardy@gmail.com,+1-255-882-5562,Senior,Returning
CUST1033,Matthew Hunt,christopherarnold@hotmail.com,001-657-542-7865,Senior,New
CUST1034,Daniel Davenport,andrewzamora@hotmail.com,(194)255-7782x05829,Youth,VIP
CUST1035,Christopher Marsh,marilyntorres@yahoo.com,829-236-1618x80819,Senior,Returning
CUST1036,Sarah Randolph,skinnerjordan@gomez.com,4823571558,Senior,Returning
CUST1037,Julia Dunn MD,ashley07@yahoo.com,(863)956-1372x3081,Senior,VIP
CUST1038,Brett Swanson,michaelmitchell@armstrong.com,214.364.3813x0004,Adult,New
CUST1039,Mr. Carl Rios,zachary35@garcia-dawson.biz,321-147-1656,Youth,New
CUST1040,Manuel Mccullough,brownpamela@lewis-miller.net,9456534699,Adult,Returning
CUST1041,Jerry Jensen,lwiggins@yahoo.com,990.707.5504x7681,Senior,New
CUST1042,Kevin Cunningham,fbarker@hotmail.com,(995)706-0717x48113,Youth,New
CUST1043,Eugene Patterson,drewmartinez@hotmail.com,001-176-539-7054x8739,Youth,Returning
CUST1044,David Walker,tammypalmer@hotmail.com,(102)908-7182x74968,Senior,New
CUST1045,Jessica Larsen,stanleyjohnson@raymond.com,+1-049-187-2742x0495,Senior,Returning
CUST1046,Nicholas Humphrey,martinezashley@gmail.com,(121)377-3062x60423,Adult,New
CUST1047,Ian Torres,watsonvickie@carter-johnson.com,973-711-2229x90775,Senior,VIP
CUST1048,Casey Obrien,twilliams@lewis-fuentes.info,001-608-581-6704x686,Youth,VIP
CUST1049,Shannon Taylor,kelleycarlos@butler.com,114-576-8321,Adult,VIP
CUST1050,Deborah Mercado,kimberly79@gmail.com,2192378584,Youth,VIP
CUST1051,Bernard Smith,qgill@hernandez-luna.com,129.618.0332x4260,Senior,New
CUST1052,Amanda Perkins,zhall@yahoo.com,(080)184-9804x253,Senior,New
CUST1053,Kevin Escobar,pfitzgerald@cline.com,337.773.1268x8122,Senior,Returning
CUST1054,Kimberly Lutz,schneiderchristopher@hotmail.com,217.819.2365x34606,Adult,New
CUST1055,Reginald Diaz,karenshaw@martinez.com,5603567932,Senior,VIP
CUST1056,Raymond Quinn,kristin39@miller-ferguson.com,986.239.8471x6906,Senior,Returning
CUST1057,John Dixon,henrysarah@yahoo.com,812-054-6475,Youth,Returning
CUST1058,Jonathan Bates,robertheath@yahoo.com,895-478-7698x9992,Youth,New
CUST1059,Renee Mendez,christopher18@gmail.com,517.588.9144x4498,Adult,VIP
CUST1060,Jose Griffin,iantate@gmail.com,553.935.4358,Adult,New
CUST1061,Travis Hopkins,dgregory@hotmail.com,+1-644-963-9243x58853,Senior,VIP
CUST1062,Nancy Webb,anthonybrown@yahoo.com,982.143.3952x753,Youth,Returning
CUST1063,Daniel Freeman,douglas54@david-lam.com,(749)785-2491x4168,Youth,VIP
CUST1064,Jacob Williams,karenwillis@romero-gordon.com,(013)477-8948x9634,Adult,New
CUST1065,Terry Ward,floresangela@gmail.com,6791766512,Senior,VIP
CUST1066,Jesse Williams,russelljesus@gmail.com,(150)014-1884,Youth,VIP
CUST1067,Mrs. Michele Boyd,sanchezangela@gmail.com,(163)090-0159,Adult,Returning
CUST1068,Sandy Baker,ogriffin@hotmail.com,001-446-333-9994x8532,Youth,New
CUST1069,Carrie Valdez,nathanielgalloway@medina.net,8953263890,Adult,VIP
CUST1070,Matthew Houston,smithsteven@hotmail.com,(199)471-1363,Youth,Returning
CUST1071,Jamie Solomon,aaronmahoney@yahoo.com,792.234.1034,Youth,Returning
CUST1072,Heather Parrish,mary65@hotmail.com,(996)733-1167x72696,Youth,New
CUST1073,Mr. Larry Shaw,brandon89@turner.com,8437685507,Senior,VIP
CUST1074,Christopher Jones,natalie39@bernard.com,967.935.2196x26335,Adult,VIP
CUST1075,Christine Lopez,qnelson@yahoo.com,(643)436-9709x317,Adult,VIP
CUST1076,Mitchell Wilson,stevegreene@gmail.com,001-069-556-0767x616,Youth,Returning
CUST1077,Robert Cortez,lynchadam@chambers.net,534-547-2239x898,Senior,New
CUST1078,Mr. Daniel Martin,ymedina@hotmail.com,065.031.2198,Senior,New
CUST1079,Alison Williams,staffordlisa@chambers-gomez.biz,4184724264,Adult,VIP
CUST1080,Candace Soto,xthompson@hotmail.com,(364)281-3190,Youth,Returning
CUST1081,Kenneth Brown,fordsharon@smith-paul.com,001-248-762-3039,Youth,Returning
CUST1082,Christopher Mullen,christopheraustin@yahoo.com,001-111-428-1785x228,Adult,New
CUST1083,Kristy Smith,tinacoffey@campbell.org,(305)248-0880,Senior,Returning
CUST1084,Mary Campbell,gonzalezlori@rodriguez-ramirez.net,(220)722-3959x4737,Senior,Returning
CUST1085,Jerry Haney,andreakeller@hotmail.com,(132)901-6204,Youth,New
CUST1086,Carolyn Greer,chapmanjulie@green.com,876.886.8785x996,Senior,VIP
CUST1087,Rebecca Hoover,melaniejohnson@hotmail.com,001-486-287-2031x95419,Adult,Returning
CUST1088,Matthew Baker,bsmith@hotmail.com,(664)505-7303x62792,Youth,Returning
CUST1089,Grace Chavez,ryan64@frazier.info,+1-463-203-7476x7753,Youth,VIP
CUST1090,Crystal Cruz,stephensonjeffrey@yahoo.com,260.321.4505x766,Adult,New
CUST1091,Dale Heath,zstewart@gmail.com,945-887-0715,Senior,VIP
CUST1092,Jennifer Hernandez,beardlindsey@hotmail.com,348-201-2840x08385,Youth,VIP
CUST1093,John Mendez,prosario@martin.com,7659759545,Youth,Returning
CUST1094,Richard Gordon,castillolindsey@robles.com,8917768089,Senior,Returning
CUST1095,John Anderson,vallen@underwood.com,126.574.2231x96463,Youth,New
CUST1096,Samantha Prince,oduran@riley-miller.com,0402369362,Senior,VIP
CUST1097,Marie Boyd,sedwards@patton.info,(894)301-2047x13727,Senior,New
CUST1098,Andrew Moreno,cheryl61@byrd.com,175-957-4988,Adult,New
CUST1099,Robert Clarke,nmorales@yahoo.com,001-558-298-4933x0674,Senior,VIP
CUST1100,Kevin Figueroa,chavezsteven@hobbs-harvey.com,847-609-4412x83337,Adult,VIP
CUST1101,Melissa Davis,lholmes@rodriguez.org,(188)566-6954,Adult,VIP
CUST1102,John Hall,rebeccamartinez@scott.info,329-715-0666,Youth,Returning
CUST1103,Diane Mcdowell,devinwilliams@collins.net,(670)551-4377,Adult,New
CUST1104,Colin Fletcher,brandy82@gmail.com,(936)634-3925x2959,Adult,VIP
CUST1105,Laura Wilson,carrie45@gmail.com,(111)102-8671x2007,Senior,Returning
CUST1106,Matthew Watts,younglori@trevino.com,(024)559-1024,Senior,VIP
CUST1107,Jack Moore,petersonelizabeth@holt.org,109-109-0326x71494,Youth,Returning
CUST1108,Dawn Wyatt,robert21@yahoo.com,+1-819-421-7942x817,Senior,Returning
CUST1109,Jacob Hill,arobinson@walker.com,+1-340-652-7758x446,Senior,New
CUST1110,Nicole Gutierrez,lindsay63@yahoo.com,(345)337-2201x09121,Senior,VIP
CUST1111,Karen Wood,coxcharles@spencer.com,221.455.9376x618,Senior,New
CUST1112,Dawn Parker,crystaldurham@yahoo.com,001-943-705-2635x1004,Senior,Returning
CUST1113,Michael Fitzgerald,gonzalezjustin@mcclure.com,(277)657-2565x9202,Youth,VIP
CUST1114,Mary Adkins,gregorysmith@yahoo.com,617-520-2389x743,Adult,VIP
CUST1115,Michael Martin,deckerderrick@cobb.com,001-260-055-9550x1783,Adult,Returning
CUST1116,James Morgan,mikewatson@gmail.com,258.486.8999,Senior,Returning
CUST1117,Melissa Mann,wilsonnicole@gmail.com,607.984.8704,Youth,VIP
CUST1118,Vincent Smith,amandabenson@greene-rowland.com,069-176-7993x59374,Adult,VIP
CUST1119,Charles Frost,melissaphillips@murphy.com,039-464-0830x3736,Adult,Returning
CUST1120,Austin Walker,fclark@gibbs-mendez.com,6014886084,Senior,Returning
CUST1121,Andrew Cruz,victor72@yahoo.com,001-907-938-8413x68528,Youth,VIP
CUST1122,Miss Kelly Dawson,fbaldwin@yahoo.com,+1-306-153-7012x4244,Adult,Returning
CUST1123,Theresa Wilkins,ylittle@hotmail.com,(263)251-4488x11210,Adult,Returning
CUST1124,Jessica Harris,jeffreyharris@foster.biz,142.175.1887,Senior,New
CUST1125,Regina Mitchell,selenabrooks@hotmail.com,179.415.1526x38409,Senior,New
CUST1126,Kyle Black,karenphillips@bell.org,001-112-252-8837x50566,Senior,New
CUST1127,Christopher Johnson,bhayes@yahoo.com,863-239-7913,Senior,VIP
CUST1128,Aaron Moore,ystewart@gmail.com,+1-787-655-3007x30950,Adult,Returning
CUST1129,Penny Gomez MD,phall@howard.com,+1-556-057-1219x88192,Adult,New
CUST1130,Kelly Mclaughlin,sara11@ward.com,788.519.0534x8640,Youth,VIP
CUST1131,Brandon Mitchell,emilywright@hotmail.com,042-462-4561,Youth,Returning
CUST1132,Suzanne Bailey,janicebolton@hotmail.com,517.446.0045x21289,Youth,New
CUST1133,Destiny Obrien,carrillojuan@yahoo.com,+1-151-145-5129x391,Adult,VIP
CUST1134,Timothy Andrews,wunderwood@hotmail.com,044.881.8984,Senior,Returning
CUST1135,Jason Rodriguez,wvaldez@grimes.com,+1-416-046-1540,Youth,VIP
CUST1136,Edward Arroyo,lhall@todd.com,(119)017-0756,Senior,Returning
CUST1137,Tina Walter,roymcmahon@yahoo.com,+1-142-983-1522,Youth,New
CUST1138,Laura Benson,jcole@brooks.com,+1-910-732-2836x0849,Adult,VIP
CUST1139,Kristine Carrillo,porterdonna@yahoo.com,001-378-306-3963x8452,Adult,Returning
CUST1140,Tonya Ellis,robertjennings@yahoo.com,(969)443-9164x9701,Senior,VIP
CUST1141,Kevin Johnson,brenda90@gmail.com,(934)292-9132x0330,Adult,VIP
CUST1142,Austin Schultz,ashley99@camacho.biz,001-162-341-9031x0615,Youth,VIP
CUST1143,Megan Hall MD,glopez@hudson-hayes.com,722.155.6684,Youth,Returning
CUST1144,Kelli Smith,damontran@serrano.info,323.653.3774x604,Adult,VIP
CUST1145,Danielle Davis,jamespruitt@campbell-hall.net,6720078436,Youth,VIP
CUST1146,Samantha Jones,hbrown@jackson.biz,424-426-0781,Adult,VIP
CUST1147,Karen Gomez,andersonrobert@jones.com,001-754-373-4764,Youth,Returning
CUST1148,Debra Valentine,ryan72@andrews.info,(737)203-7638,Adult,New
CUST1149,Susan Porter,adrianthomas@gmail.com,214.584.1484x60191,Senior,VIP
CUST1150,Nicolas Salas,aliciakent@yahoo.com,443.899.8278,Senior,New
CUST1151,Dale Wright,vjohnston@gmail.com,2058695073,Youth,VIP
CUST1152,Brittney Rodriguez,treed@yahoo.com,(146)449-3699,Adult,VIP
CUST1153,Megan Alvarado,robertwhite@hotmail.com,001-516-793-3505,Senior,New
CUST1154,Pamela Weaver,qcruz@gmail.com,(738)573-6801x192,Adult,VIP
CUST1155,John Oliver,chale@mcclure.com,603.768.1187,Youth,New
CUST1156,William Prince PhD,wolfejennifer@gmail.com,001-233-351-0409x614,Adult,New
CUST1157,William Moon IV,jriddle@gmail.com,+1-973-153-9114x9830,Adult,New
CUST1158,Kenneth Brown,camposwilliam@yahoo.com,482.073.6511x8939,Adult,Returning
CUST1159,Karen Fernandez,nmartin@hotmail.com,065-578-2019x043,Senior,VIP
CUST1160,Jennifer Parks,ojohnson@lowe.biz,(230)233-3247,Adult,VIP
CUST1161,William Wolfe,qjohnson@fletcher.com,7392013546,Adult,VIP
CUST1162,Michael Smith,fmurray@hotmail.com,(127)602-5082,Adult,VIP
CUST1163,Kevin Nguyen,rtaylor@jackson.org,+1-611-231-2616x32488,Senior,Returning
CUST1164,Debbie Dunn,kellynichols@jackson-powers.com,+1-899-572-9893x76297,Adult,Returning
CUST1165,John Austin,scottthompson@hotmail.com,549-303-6468x719,Senior,VIP
CUST1166,Jonathan Clark,scottwilliams@cain.com,203-818-7692,Adult,VIP
CUST1167,Jacqueline Dickerson,scott90@gmail.com,8283230898,Senior,New
CUST1168,Christopher Anderson,sarahbrooks@gmail.com,388-158-8144,Youth,Returning
CUST1169,Crystal Garcia,smithanthony@rogers.com,822-067-3231x82971,Youth,VIP
CUST1170,David Reynolds,roblesmaria@ramsey.biz,(815)724-5000x00015,Youth,Returning
CUST1171,Charles Haley,marcus39@villa.biz,(911)371-7850,Senior,Returning
CUST1172,Robert Thompson,jasonkelly@smith.com,+1-902-556-1844x4218,Adult,VIP
CUST1173,Dr. Samuel Holmes DDS,olewis@barrett.org,(998)747-8122,Youth,VIP
CUST1174,Elizabeth Hart,jonesjeffery@yahoo.com,001-489-056-7086x70090,Youth,New
CUST1175,Jennifer Vaughn,marquezkylie@hotmail.com,4365515848,Adult,Returning
CUST1176,Robert Woods,susan95@horton.com,(669)136-2483,Senior,VIP
CUST1177,Joanna Cook,cynthiahenson@yahoo.com,505-429-6080x70633,Adult,VIP
CUST1178,Justin Frederick,rogerscharlotte@hotmail.com,(998)795-0982x21040,Senior,Returning
CUST1179,Alejandro Martinez,vdixon@gmail.com,648-188-0442,Adult,VIP
CUST1180,Tracey Gonzalez,andrewblake@parker.biz,+1-773-836-3816,Adult,New
CUST1181,Mariah Thompson,brownnicholas@harris-bennett.com,321-269-4289x464,Senior,New
CUST1182,Heather Nunez,vstevenson@ramirez.com,(036)258-6314,Youth,VIP
CUST1183,Dr. Steve James,karen35@yahoo.com,001-417-064-6255x40263,Senior,New
CUST1184,Mark Thomas,amberknox@mcneil.com,001-558-243-0176x4644,Senior,New
CUST1185,Robert Rogers,isaiah01@yahoo.com,988.031.5388x82452,Adult,VIP
CUST1186,Laura Sweeney,brettbraun@martinez.org,905.040.4333x353,Adult,Returning
CUST1187,Christopher Perez,williamsimmons@collins-griffith.com,495.163.2111x97871,Senior,New
CUST1188,Eddie Adams,catherineturner@hotmail.com,+1-093-391-3732,Adult,Returning
CUST1189,Denise Wallace,josephharrington@gmail.com,(530)601-1987x5617,Senior,Returning
CUST1190,Heidi Matthews,egray@yahoo.com,688.002.3009x15618,Adult,New
CUST1191,Jennifer White,ywolf@yahoo.com,(980)365-7744,Youth,VIP
CUST1192,Nicholas Stanley,fsimmons@larson-hernandez.com,+1-160-936-5952x014,Senior,Returning
CUST1193,Mercedes Miller,dford@yahoo.com,+1-118-941-8433x687,Senior,Returning
CUST1194,Brian Brown,ijones@hotmail.com,092-632-2399x82137,Youth,Returning
CUST1195,Kimberly Johnson,ericlopez@gmail.com,556-114-0428x860,Youth,VIP
CUST1196,Phillip Miller,asullivan@yahoo.com,(053)766-6081x126,Senior,Returning
CUST1197,Christopher Pena,pburns@hotmail.com,001-003-083-5669x10627,Adult,Returning
CUST1198,Ellen Wright,hdyer@frederick-martin.biz,531-234-5506,Adult,New
CUST1199,Mark Anderson,william75@hotmail.com,826.917.7682x93844,Adult,Returning
CUST1200,Alyssa Alvarado,vhouse@allen.com,001-013-480-8735x4378,Senior,Returning
CUST1201,Erika Alvarez,josegibson@hernandez.com,001-826-033-5910x1570,Youth,New
CUST1202,Kimberly Nelson,wisedawn@sanders-willis.com,+1-085-991-4492x074,Youth,Returning
CUST1203,Wayne Wolfe,bmartin@holt-mason.net,001-269-996-9964,Youth,Returning
CUST1204,Kyle Welch,jessica11@hotmail.com,+1-997-184-2859,Senior,VIP
CUST1205,Kristy Mills,josephclark@hotmail.com,(932)591-4084x9932,Adult,VIP
CUST1206,Emily Reed,adam27@gmail.com,123.426.6980,Youth,Returning
CUST1207,Regina Ramos,ayalarobert@pena-quinn.com,(908)726-1760x72348,Senior,New
CUST1208,David Torres,jacob23@white-fry.info,001-389-359-5382x8040,Youth,New
CUST1209,Robert Charles,jamesbrady@green.info,(612)996-5082x695,Adult,VIP
CUST1210,John Smith,christophermiller@hill.com,+1-264-186-9656,Adult,VIP
CUST1211,Theresa Woods,wwashington@smith.com,+1-130-876-1238x5951,Senior,VIP
CUST1212,Jeffrey Carter,clarklatoya@morrison-hatfield.com,346-823-9484x002,Senior,Returning
CUST1213,Adam Brooks,msherman@yahoo.com,300.869.6610x1683,Senior,VIP
CUST1214,Justin Foster,evelyn55@gmail.com,139-500-1680,Senior,Returning
CUST1215,Omar Price,dgray@yahoo.com,+1-414-915-0762x839,Adult,Returning
CUST1216,Dennis Henderson,smithmonica@yahoo.com,620.534.4077x794,Adult,New
CUST1217,Phillip Kent,guzmanmisty@tapia-walton.com,(207)266-2925x0817,Senior,Returning
CUST1218,Melinda Mitchell,qmontgomery@yahoo.com,001-760-299-1406x8841,Youth,New
CUST1219,Rhonda Gutierrez,aaronlittle@yahoo.com,337.312.5523,Adult,Returning
CUST1220,Catherine Roberts,morgan57@lawson.org,(617)817-0321x192,Senior,Returning
CUST1221,Lisa Nelson,ronnie71@cruz.net,6136385277,Youth,VIP
CUST1222,Chelsea Smith,tylermiller@davies.info,+1-956-133-7184,Senior,VIP
CUST1223,Joseph Lopez,pbates@lewis.com,490-295-0264x8016,Senior,VIP
CUST1224,Derrick Espinoza,bholder@hickman.biz,403-734-1678x127,Adult,New
CUST1225,Crystal Hernandez,jenniferwade@hotmail.com,001-782-210-2179x8213,Senior,Returning
CUST1226,Glenn Collins DDS,sandraschultz@davis-holt.com,862-985-7973x638,Adult,Returning
CUST1227,Mrs. Raven Rivera DVM,nicholas68@stokes-walker.com,182.856.0539,Adult,New
CUST1228,Amy Rowe,rodriguezmatthew@hotmail.com,001-707-986-6177x06736,Adult,VIP
CUST1229,John Lee,berrydavid@finley-ray.com,205.068.2122x35521,Senior,New
CUST1230,Ruth Clayton,lawrencejames@yahoo.com,(505)871-4692x1821,Youth,VIP
CUST1231,Randy Wright,kelsey28@hotmail.com,001-259-679-0898,Senior,Returning
CUST1232,Jessica Rojas,fosteramanda@stewart-cabrera.com,001-436-998-4802x20509,Adult,Returning
CUST1233,Joel Wise,jfrazier@campbell.com,001-386-948-4249x598,Youth,VIP
CUST1234,Vickie Kennedy,wayne14@hotmail.com,+1-114-578-8707,Adult,Returning
CUST1235,Emily Morris,troypadilla@yahoo.com,523-867-6738,Adult,VIP
CUST1236,Amanda Pineda,eric33@fitzgerald.info,001-209-746-1917x79876,Youth,New
CUST1237,Dawn Little,tracey20@hotmail.com,+1-299-687-2258,Senior,Returning
CUST1238,Stephen Boyer,roberto75@yahoo.com,001-370-858-0623,Youth,New
CUST1239,Brian Chen,rosejustin@hotmail.com,(040)566-9579x001,Adult,Returning
CUST1240,Christopher Hill,udavis@glenn.com,(482)554-4286,Youth,VIP
CUST1241,Richard Smith,barbararamos@yahoo.com,963.259.4232x894,Adult,Returning
CUST1242,Richard Alvarez,jasonbrock@gmail.com,(338)915-6241x5285,Youth,Returning
CUST1243,Jacqueline Davis,jessica91@floyd.biz,001-725-629-2693x3589,Youth,Returning
CUST1244,Brandon Montgomery,davisterri@landry.net,+1-513-818-6550x78468,Youth,Returning
CUST1245,Yolanda Garrett,obooker@hotmail.com,095-744-3034x91891,Adult,Returning
CUST1246,Matthew Miles,austinallen@yahoo.com,797-203-8593,Senior,New
CUST1247,Beth Hall,denisebennett@hotmail.com,015-364-1547x155,Senior,New
CUST1248,Dr. Nicole Trujillo,phancock@hill-delgado.com,132.593.6781,Youth,Returning
CUST1249,Corey Norris,wilsondavid@barnett.org,675.009.4214,Senior,New
CUST1250,Chad Roach,heather19@gmail.com,001-105-276-9819x87809,Youth,New
CUST1251,Mr. Edward Terry,scooke@yahoo.com,001-270-452-3888x5622,Adult,New
CUST1252,Cody Bailey,corybrown@hotmail.com,866-059-8678x74422,Adult,VIP
CUST1253,Denise Guerra,bhess@hawkins-herrera.net,585.485.9655x9428,Adult,Returning
CUST1254,Kristen Jones,stonebrenda@hotmail.com,(491)165-0200,Senior,VIP
CUST1255,Edward Baker,tammymerritt@atkins.com,2453931321,Senior,VIP
CUST1256,Aaron Little,hmcbride@anderson.com,513-055-7083x68214,Youth,VIP
CUST1257,Cody Smith,melissa01@hunter.net,488-966-9972x7367,Senior,VIP
CUST1258,Patty Allen,qrowland@wright.net,+1-746-202-5825x4318,Senior,Returning
CUST1259,Mary Ryan,ftaylor@hotmail.com,281.231.2392,Youth,VIP
CUST1260,Joseph Jimenez,catherine83@hotmail.com,+1-049-106-0183x6472,Senior,VIP
CUST1261,Lisa Morris,youngjacob@chase-lewis.com,875.082.7681,Youth,New
CUST1262,Ashley Mills,joshua96@pierce.biz,+1-722-577-5458x47262,Adult,Returning
CUST1263,Russell Anderson,qbryant@coleman.com,001-052-918-7683,Senior,VIP
CUST1264,Christina Washington,jenniferelliott@hotmail.com,001-160-827-1721x7337,Youth,VIP
CUST1265,Kenneth Huff,uunderwood@gray-maynard.com,001-399-205-2229x993,Adult,New
CUST1266,Kelly Miles,david18@jones-bowman.com,001-621-659-1438x8232,Senior,New
CUST1267,Jacob Obrien,dustin34@gmail.com,539-835-8446x17773,Youth,New
CUST1268,Timothy Clark,opetty@lynn-patton.com,(643)095-4497,Adult,New
CUST1269,Steve Miller PhD,brianna71@bailey.com,+1-127-997-0292x712,Senior,VIP
CUST1270,Justin Hurley,jacksonstacey@white-shaffer.net,5397871375,Youth,VIP
CUST1271,Jacob Erickson,qvargas@gmail.com,(988)322-0125,Adult,VIP
CUST1272,Deborah Williams,douglasbradley@brown-swanson.com,(083)200-4879x7888,Senior,Returning
CUST1273,Eric Blackburn,lmann@andersen-lindsey.net,001-753-585-2386,Senior,Returning
CUST1274,Anne Hardy,stephanie83@yahoo.com,0304436199,Senior,New
CUST1275,Chelsey Fox,richard51@miller.com,171-523-9102x92950,Senior,VIP
CUST1276,Mario White,paulangela@stokes-smith.biz,437-483-0930,Youth,Returning
CUST1277,Jennifer Garcia,rjimenez@barron.org,001-671-397-1912,Youth,VIP
CUST1278,Heather Ellis,kleinjacqueline@reed.net,(022)132-1767x2019,Adult,Returning
CUST1279,Sonya Jackson,roconnell@mckee.com,001-111-661-2201x90725,Senior,Returning
CUST1280,James Morgan,hendersonnicholas@yahoo.com,+1-873-393-0493x66538,Senior,New
CUST1281,Zachary Ramos,robin38@roberts.com,2748124211,Youth,Returning
CUST1282,Ethan Frey,aaronwelch@yahoo.com,086-825-0952x2946,Youth,New
CUST1283,Jacob Duran,sarah80@stafford-charles.com,(093)556-1039,Adult,VIP
CUST1284,Nicholas Franklin,gilbertmark@yahoo.com,+1-529-701-3712x436,Senior,Returning
CUST1285,Cindy Cannon,baileyjennifer@gomez-garcia.info,(858)564-2304x120,Youth,VIP
CUST1286,Dawn Nixon,ricerachel@martinez-freeman.com,(706)159-2738,Senior,VIP
CUST1287,James Barber,thomasbrooks@yahoo.com,402.990.7166x9063,Senior,New
CUST1288,Ms. Kelly Holder,amandaadams@yahoo.com,(248)155-4203,Youth,Returning
CUST1289,Eric Walker,donaldburgess@gmail.com,001-403-010-9567x975,Youth,New
CUST1290,Alison Short,danielmitchell@gmail.com,(491)579-5546x23471,Senior,Returning
CUST1291,Desiree Spencer,cmanning@gmail.com,(476)010-8018,Senior,New
CUST1292,Tammy Moore,rmoyer@fisher.info,030-683-1764,Adult,New
CUST1293,Henry Taylor,karen68@mclean.com,001-172-680-8081x57129,Youth,VIP
CUST1294,Kevin Hall,martinezmaurice@saunders.com,1507138067,Youth,New
CUST1295,Anna Ross,vbray@gmail.com,307-351-0458,Senior,VIP
CUST1296,Morgan Cummings,froberts@gmail.com,743-621-3009x625,Adult,Returning
CUST1297,Carrie Petersen,christinadaniel@gmail.com,+1-857-669-4703,Senior,New
CUST1298,Laura Velez,katie43@hoover.com,805-339-6274,Adult,Returning
CUST1299,Elizabeth Cross,victoriagarza@hernandez.com,(662)159-1832x70004,Youth,New
CUST1300,Angela Brown,ronaldjensen@lin.biz,(661)459-0110x7977,Senior,VIP
CUST1301,Hannah Montoya,jeffreysimmons@gmail.com,400-493-8819,Youth,New
CUST1302,Sean Kane,torresjoseph@yahoo.com,001-490-531-5204x99809,Senior,New
CUST1303,Matthew Guzman,dwright@gmail.com,976-987-3137x9716,Youth,New
CUST1304,Richard Reyes,williamsjulie@mitchell.org,(984)166-1237x4077,Youth,Returning
CUST1305,Andrew Fernandez,flopez@cook-rodriguez.com,001-433-256-2389,Senior,VIP
CUST1306,Jonathan Walker,michael59@jacobs.org,+1-499-197-0142x620,Adult,New
CUST1307,Nicholas Long,eatondavid@hotmail.com,708.782.1160,Youth,New
CUST1308,Kurt Wagner,willisrhonda@roth.com,(041)813-5998,Youth,New
CUST1309,Dylan Foster,kevin73@le.net,+1-897-211-7088x948,Youth,Returning
CUST1310,Bradley Duncan,patricia71@yahoo.com,1864482217,Youth,New
CUST1311,James Miller,gbarnes@jackson.com,(883)978-5708x200,Senior,New
CUST1312,Patricia Anderson,sosabruce@hotmail.com,806-757-1236x914,Senior,VIP
CUST1313,Justin Freeman,isimpson@mata.biz,+1-611-287-9429x688,Adult,Returning
CUST1314,Christina Gilbert,nlawson@gmail.com,(769)704-0953,Adult,Returning
CUST1315,Danielle Jones,ashleyvargas@suarez.info,001-141-961-5607x832,Youth,Returning
CUST1316,Erica Glass,melissa44@hotmail.com,488.356.5179x6240,Senior,VIP
CUST1317,Michael Henderson,jeffreyferguson@williams-hernandez.com,+1-649-668-3496x047,Youth,VIP
CUST1318,Frank Wheeler,morgan03@nichols.com,421.702.8516x22593,Adult,VIP
CUST1319,Eric Huerta,christopher84@hotmail.com,+1-648-820-8934x8688,Senior,New
CUST1320,Wanda Ramos,svillanueva@galloway-garrett.com,906.246.7287,Youth,Returning
CUST1321,Andrew Meyers,jessicaramirez@yahoo.com,+1-916-091-1413x193,Youth,New
CUST1322,James Todd,sharphailey@scott.com,(923)613-3760x523,Adult,VIP
CUST1323,Ashley Brown,markharris@hotmail.com,4588165025,Youth,VIP
CUST1324,Tammy Melton,seanblair@yahoo.com,472-419-1650x344,Adult,Returning
CUST1325,Alexis Benson,racheldavis@gmail.com,9661771824,Youth,VIP
CUST1326,Jerry Johnson,lisathompson@hotmail.com,+1-898-088-0678x214,Adult,VIP
CUST1327,Joshua Harris,deborahsmith@gmail.com,746-813-5926,Youth,Returning
CUST1328,Deanna Webb,mmcdaniel@thomas.com,+1-648-698-9396x9874,Youth,VIP
CUST1329,Brenda Hale,hgarcia@gmail.com,694.155.9450x11929,Senior,Returning
CUST1330,Kevin Alvarado,grayandrew@hines.com,+1-207-536-0511x71603,Senior,VIP
CUST1331,Christopher Campbell,kaylaadams@greene.com,+1-886-365-3621x894,Youth,Returning
CUST1332,Lisa Brown,harristimothy@hotmail.com,590-670-0099x42489,Senior,Returning
CUST1333,Alejandra Price,kylemendoza@gmail.com,204-664-8966x760,Adult,Returning
CUST1334,Samuel Keller,courtney10@garcia.com,642-045-6577x58097,Adult,Returning
CUST1335,Alicia Dillon,aaronwalker@gmail.com,533-890-6235x4662,Senior,Returning
CUST1336,Crystal James,phernandez@yahoo.com,+1-265-401-6599x5300,Youth,New
CUST1337,Ariana Stewart,tmcdaniel@vasquez.com,001-622-122-4276x774,Senior,Returning
CUST1338,Kim Lopez,michael95@ward.com,(259)160-1124x1158,Adult,VIP
CUST1339,Judith House,royrogers@shelton.com,886-008-0179x867,Youth,Returning
CUST1340,David Moreno,nancy47@hotmail.com,001-782-312-9957x047,Senior,New
CUST1341,James Moore,lisa10@gmail.com,(642)612-1203,Adult,VIP
CUST1342,Harold Garrett,dylan77@wilson.com,437.536.5968x07852,Senior,New
CUST1343,William Mason,morrisdavid@gomez-snyder.info,(482)421-8385x454,Youth,Returning
CUST1344,Lori Johns,devon36@yahoo.com,0644547523,Senior,VIP
CUST1345,Robin Johnson,opatel@yahoo.com,123-274-8979,Senior,New
CUST1346,Diana Hernandez,xrose@shepherd.com,001-177-633-4272x0388,Senior,VIP
CUST1347,Mary Miller,victoriasmith@wells.com,(217)508-0196x3045,Adult,VIP
CUST1348,Tyler Salazar,kenneththomas@hotmail.com,001-306-935-8824x935,Youth,New
CUST1349,Crystal Allen,jasonwalker@hotmail.com,400.181.6778,Adult,New
CUST1350,Wesley Browning,haydenjane@quinn-horton.biz,816-524-4454x4608,Adult,VIP
CUST1351,Joshua Clark,mileselizabeth@gmail.com,851.799.3781,Senior,VIP
CUST1352,Joshua Mcbride,anthonydiaz@gmail.com,5391287884,Adult,Returning
CUST1353,Ellen Thornton,smithmariah@hernandez-white.com,+1-699-969-8829,Adult,VIP
CUST1354,Brandy Forbes,vjenkins@yahoo.com,4579271472,Senior,Returning
CUST1355,Brianna Fitzpatrick,daniel00@potter.biz,630-198-6424x238,Youth,New
CUST1356,Emily Grant,samantha84@hotmail.com,+1-397-283-3912x1870,Adult,VIP
CUST1357,Bailey Stewart,rhuynh@boyd.com,(293)288-0983x2210,Senior,New
CUST1358,Monica Cannon,robinsonisaiah@hotmail.com,023-200-1867,Adult,VIP
CUST1359,Jennifer Jenkins,pwoods@sullivan.com,(610)089-8761x08143,Senior,Returning
CUST1360,Timothy Shannon,josephgarcia@yahoo.com,(614)038-4531x980,Adult,VIP
CUST1361,Denise Maxwell,allenfrancisco@gmail.com,468.235.4695x1003,Senior,VIP
CUST1362,Cody Farmer,carlaavila@lopez-harris.com,001-076-205-4596x7150,Adult,VIP
CUST1363,Debra Bradley,christopher99@elliott.com,001-066-664-1106x541,Adult,VIP
CUST1364,David Mcdaniel,christopher40@walton-benjamin.net,001-134-078-5169x949,Senior,New
CUST1365,Michael Woods,karen52@leonard.net,089.058.3668x3482,Youth,Returning
CUST1366,Lisa Joseph,andrewflynn@willis-christian.com,(899)962-6970x8386,Adult,Returning
CUST1367,Samuel Henry,faithmiller@davis.com,+1-889-178-7915,Adult,VIP
CUST1368,Corey Johnson,seth25@ward-chase.biz,5962571976,Senior,New
CUST1369,Alexis Nelson,nallen@jones.info,9320126578,Senior,Returning
CUST1370,Patrick Mcneil,thomasmonica@dillon.info,001-826-041-8095,Senior,VIP
CUST1371,Andrea Ho,sedwards@jones.com,(175)585-1777,Adult,Returning
CUST1372,Dr. Katherine Nguyen,jonesjennifer@yahoo.com,127-469-2118x8241,Senior,Returning
CUST1373,David Sullivan,wgood@yahoo.com,+1-962-642-2297x589,Adult,VIP
CUST1374,Nicolas James,bonillatracy@trevino-morales.org,704-542-1854,Youth,Returning
CUST1375,Logan Newton,nrichardson@brooks-fleming.net,(705)682-0922x570,Youth,New
CUST1376,Kelly Liu,natalie09@hotmail.com,001-900-163-5640x723,Adult,New
CUST1377,Kelly Hayes,hollycastro@farrell.biz,(472)828-9540,Youth,New
CUST1378,Amanda Forbes,onash@sawyer-caldwell.com,1788224731,Adult,VIP
CUST1379,Jennifer Moss,dday@gmail.com,(616)850-7105,Senior,Returning
CUST1380,Kelli Mccoy,jessicalowery@tate-gonzalez.com,+1-011-950-9271,Adult,VIP
CUST1381,Eddie Sanders,matthew97@park.com,+1-152-610-5370x92300,Adult,VIP
CUST1382,Ronald Murray,jjohnson@yahoo.com,169.500.7418x948,Youth,New
CUST1383,Louis Brown,lukejohnson@schroeder.biz,001-543-298-7698x936,Youth,Returning
CUST1384,Brenda Gallegos,brianparrish@hotmail.com,(294)471-6198x273,Youth,Returning
CUST1385,Nathan Wilson,johnny21@gmail.com,813-104-5025x8963,Adult,VIP
CUST1386,Teresa Horton,richard47@warren-caldwell.com,+1-217-435-7483x52680,Senior,New
CUST1387,Jason Hayes,davisrachel@richmond-phillips.com,(486)067-3983x4488,Adult,New
CUST1388,Kevin Marquez,iolson@hotmail.com,842.536.4628,Youth,VIP
CUST1389,Jesse Wright,sgomez@price.org,5507740657,Adult,Returning
CUST1390,Susan Hogan,sharpbeth@morris.com,+1-551-562-3920x908,Adult,New
CUST1391,Becky Wilson,peggypeck@lin-wilson.biz,510-740-9131x11786,Senior,VIP
CUST1392,Jack Mills,mcneilsherry@gmail.com,902-547-6022,Senior,Returning
CUST1393,Richard Hunt,johnsonjulie@gmail.com,+1-069-535-4120x1227,Senior,VIP
CUST1394,Jamie James,carolynrobinson@gmail.com,950-026-0151x53259,Youth,Returning
CUST1395,Susan Cunningham,woodmichael@mosley-shaw.com,795-074-0717x327,Youth,VIP
CUST1396,Brittany Melton,wgutierrez@yahoo.com,+1-805-950-3100x649,Youth,New
CUST1397,Michael Barnes,daniel27@yahoo.com,403.910.4520,Youth,VIP
CUST1398,Randy Griffin,angelamartin@yahoo.com,608.941.1849,Youth,VIP
CUST1399,Autumn Anderson,megan64@hotmail.com,359-928-5535,Adult,Returning
CUST1400,Marcus King,shafferdale@smith.org,+1-952-056-1006x79900,Senior,Returning
CUST1401,Scott Stephens,zgordon@contreras.com,(968)018-6774x0378,Adult,VIP
CUST1402,Stephen Young,harnold@gates.com,233-944-9530x067,Adult,New
CUST1403,Karen Ortiz,podonnell@hotmail.com,625.503.2501x736,Senior,Returning
CUST1404,Kyle Sanchez,ayerskimberly@hotmail.com,426-241-7842x90292,Adult,New
CUST1405,Lisa Grant,nichole44@yahoo.com,345.110.0906,Youth,VIP
CUST1406,Amber Hernandez,mcculloughrobert@johnson.net,+1-053-088-6843x02116,Senior,Returning
CUST1407,Amanda Nash,george96@gmail.com,(732)904-5759x8875,Adult,Returning
CUST1408,Sara Evans,christinalong@gmail.com,001-212-996-4260,Senior,VIP
CUST1409,Amber Butler,sheilamyers@hotmail.com,362.027.5582,Youth,VIP
CUST1410,Michael Carr,hstrong@kim.com,477-092-0711,Senior,VIP
CUST1411,Linda Cobb,ocameron@hood-moore.com,(238)023-6219x215,Senior,Returning
CUST1412,Jesse Riley,davissamuel@carrillo.net,189.705.9161x18638,Youth,Returning
CUST1413,Anna Evans,ujohnson@lucero.com,(588)195-9772x168,Adult,New
CUST1414,James Jones,denisewalker@nichols.biz,005.378.9318x69289,Youth,VIP
CUST1415,Joshua Carter,hillsavannah@hotmail.com,284.540.1822x7200,Youth,VIP
CUST1416,Michael Hill,rodriguezsara@rodriguez.com,(839)482-3220,Adult,Returning
CUST1417,Kelly Dominguez,jonesmegan@myers.com,144-743-2811x659,Youth,New
CUST1418,Ashley Blair,tuckerconnie@gmail.com,+1-302-020-3042x322,Youth,VIP
CUST1419,Victoria Webb,opreston@yahoo.com,001-775-213-5302x816,Senior,VIP
CUST1420,Taylor Andersen,kentberger@bradley.com,064-630-0593x77756,Senior,VIP
CUST1421,Lee Stewart,mcooley@hotmail.com,001-198-321-0291,Youth,Returning
CUST1422,Whitney Gomez,aimeescott@lee.net,(174)690-2983x10438,Adult,New
CUST1423,Justin Stone,javierdiaz@johnson.com,196-622-9131x670,Senior,VIP
CUST1424,Katherine White,josepholson@bailey.com,056.856.6706x36219,Adult,New
CUST1425,Michelle Krause,zgraham@gmail.com,655.049.4440x76634,Senior,VIP
CUST1426,Alexander Garrett,jamesmathis@hotmail.com,+1-339-650-4962x732,Senior,Returning
CUST1427,Ryan Marsh,ygarcia@hotmail.com,(626)114-2436,Adult,VIP
CUST1428,Mrs. Felicia Castro DDS,lauramckay@yahoo.com,+1-258-542-1880x87991,Senior,New
CUST1429,Curtis Campbell,vhenderson@yahoo.com,001-962-341-9964x3385,Adult,New
CUST1430,Elizabeth Hunter,lawsonruben@hotmail.com,247.250.5833,Youth,VIP
CUST1431,Aaron Jennings,rachael17@gmail.com,430.311.5876,Adult,New
CUST1432,Nathaniel Gilbert,brenda49@clements.com,5457694757,Adult,VIP
CUST1433,Christopher Rivera,ruben25@jones.com,(945)353-6597x4669,Adult,Returning
CUST1434,Michael Hendricks,kimberlymartinez@yahoo.com,001-861-634-2125x45080,Adult,VIP
CUST1435,Maria Olson,jason95@hoffman.com,001-594-815-2692,Youth,New
CUST1436,Stephanie Herrera,dakotaramirez@shah.org,596-647-2130x74235,Adult,VIP
CUST1437,Richard Gutierrez,ustewart@gmail.com,001-914-261-4048x93326,Adult,New
CUST1438,Sandy Evans,langvictor@fisher-martinez.com,454-307-9637,Senior,New
CUST1439,Emily Herrera,byoung@yahoo.com,100.817.8522,Adult,VIP
CUST1440,Michael Marsh,buckjustin@johnson-ferguson.net,158-718-4523,Senior,New
CUST1441,Heather Montes,deanna17@gallegos.com,(426)874-4701x732,Adult,New
CUST1442,Andre Terrell,karen61@hotmail.com,+1-086-523-7772x9665,Adult,New
CUST1443,Sarah Duncan,zsalazar@yahoo.com,(337)014-0052x78105,Adult,VIP
CUST1444,Kurt Hancock,hallison@yahoo.com,800-027-2214x25731,Adult,Returning
CUST1445,Michele Edwards,walkermargaret@garcia.biz,(094)391-3681x72031,Senior,VIP
CUST1446,Jason Crawford,christopherramsey@cabrera-medina.com,695.528.6209,Adult,New
CUST1447,Jesse Sampson,nicole01@valentine.com,+1-297-352-5953x3222,Adult,Returning
CUST1448,Eric Rodriguez,knelson@gmail.com,+1-739-389-9204x5735,Youth,New
CUST1449,Paula Gentry,martinezmichelle@hotmail.com,236.618.5076,Adult,New
CUST1450,Alexander Webb,hbarnett@hotmail.com,087-082-6971,Youth,Returning
CUST1451,Cheryl Mclean,rstanley@barton-webb.com,001-823-601-0712x61583,Adult,VIP
CUST1452,Kelly Rowe,jennifer58@gmail.com,+1-821-764-8467,Adult,VIP
CUST1453,Shane Short,jonestroy@smith.info,574.223.3222,Senior,VIP
CUST1454,Megan Anderson,tonypeterson@hotmail.com,001-801-944-2589x222,Youth,Returning
CUST1455,Julia Reeves,jeanette28@gmail.com,001-560-629-5350x6373,Adult,Returning
CUST1456,April Randolph,sabrinacruz@parrish-palmer.biz,180-467-4130,Adult,Returning
CUST1457,Linda Miller,ramirezfrank@lynn-ray.com,538.418.5201x3626,Youth,VIP
CUST1458,Angel Meyer,vwalter@allen.com,+1-084-639-7561x54705,Senior,Returning
CUST1459,Emily Lane,alvarezalyssa@yahoo.com,491-215-1641x19556,Youth,New
CUST1460,Steven Flores,mcintoshchristopher@yahoo.com,091-969-3957x875,Youth,Returning
CUST1461,Donald Flores,randyjordan@brown-nelson.com,(070)204-2620,Senior,New
CUST1462,Bruce Hernandez,bdennis@carter.com,971-212-4139,Senior,New
CUST1463,Adrian Dean,gstone@hotmail.com,696.789.7609,Adult,Returning
CUST1464,Christine Bell,susanrobinson@jacobson.com,731.267.7319x22760,Adult,Returning
CUST1465,Charles Bush,pateljoshua@lyons.com,598.897.8653x394,Adult,New
CUST1466,David Jones,yharris@gmail.com,191.654.3089,Youth,VIP
CUST1467,Gina Wallace,janice40@gmail.com,+1-523-120-2191x5057,Adult,Returning
CUST1468,John Lowe,sstevenson@jackson.com,(449)747-0002x6876,Adult,Returning
CUST1469,Anthony Simmons,martingibson@wade.com,486-764-9797x4163,Adult,Returning
CUST1470,Kyle Watkins,terriibarra@shelton.org,(560)450-0635x5373,Adult,New
CUST1471,Melissa Jensen,faguilar@gmail.com,9649692771,Senior,New
CUST1472,Robert Marquez,williamsandre@hotmail.com,952-963-5305,Senior,Returning
CUST1473,Kim Beltran,aliciajackson@gmail.com,001-702-551-2827,Senior,Returning
CUST1474,Julie Anderson,torresjill@henry-bell.net,(364)315-9489x89596,Youth,New
CUST1475,Tamara Mcdonald,dking@gmail.com,(466)345-4434x414,Youth,New
CUST1476,Michael Mckinney,jennifer89@yahoo.com,+1-169-993-9344x974,Senior,Returning
CUST1477,David Walker,gina02@chase-hopkins.com,946.408.8223,Senior,VIP
CUST1478,Lisa Durham,kjohnson@hotmail.com,9586297398,Adult,VIP
CUST1479,Michael Ortega,jamie13@yahoo.com,+1-894-132-1097x2021,Adult,New
CUST1480,Sonya Chavez,natalie87@thompson.com,075.485.3465x5792,Youth,Returning
CUST1481,John Bell,rlandry@yahoo.com,001-203-004-4964x61293,Youth,Returning
CUST1482,Christopher Tate,rileyjacqueline@martinez.com,001-002-512-1375,Youth,New
CUST1483,Bethany Garcia,montesvictor@hotmail.com,(589)635-9570x8619,Youth,VIP
CUST1484,Rebecca Nguyen,hbecker@hanson-beck.com,+1-314-584-3456x631,Adult,Returning
CUST1485,Rebecca Patel,calvin40@yahoo.com,388-503-4236,Senior,New
CUST1486,Jason Oliver,justinwatkins@freeman.biz,(203)347-4246,Adult,VIP
CUST1487,Valerie Reyes,williamsdevin@yahoo.com,104.379.6868,Senior,New
CUST1488,Robert Garza,reevesdouglas@gonzalez.com,0852946902,Senior,VIP
CUST1489,Jessica Cobb,pfitzpatrick@walsh.com,+1-177-417-4304x3502,Adult,New
CUST1490,Cynthia Bates,carla29@yahoo.com,850.228.9466,Youth,VIP
CUST1491,Timothy Andrews,feliciagonzalez@gmail.com,275-233-2829x30202,Senior,Returning
CUST1492,Mr. Joel Peters,kevinmiller@hotmail.com,691-330-3033x46771,Adult,New
CUST1493,Casey Blanchard,nicholasliu@yahoo.com,001-167-507-6279x9553,Senior,New
CUST1494,Brian Cervantes,alishabenson@donovan.biz,001-024-530-1239x8472,Senior,New
CUST1495,Jamie Snyder,dali@gmail.com,034.202.8471,Adult,VIP
CUST1496,Ann Montoya,idavis@meadows.com,001-017-222-4050,Youth,New
CUST1497,Stephanie Fields,brian62@santiago-ford.net,648.717.7546x199,Adult,New
CUST1498,Charles Hernandez,millerjoseph@hotmail.com,(406)583-8727,Senior,Returning
CUST1499,Jean Lane,brooke49@vaughn-lin.com,+1-258-122-5909x5668,Senior,Returning
CUST1500,Michael Stewart,zacharyhart@taylor-jacobson.com,482-373-3791x2121,Adult,Returning
CUST1501,Susan Torres,jennifer07@hotmail.com,018-780-3586,Youth,New
CUST1502,Jessica Haas,joneseric@meyer.com,001-901-707-4039x2519,Youth,VIP
CUST1503,Brandon Smith,gjohnson@myers-howe.com,+1-945-295-1712x227,Youth,VIP
CUST1504,Mrs. Bethany Phillips,pmcgrath@hotmail.com,(433)872-2054x2216,Senior,Returning
CUST1505,Joshua Brown,nvillarreal@gmail.com,(654)963-3083,Adult,New
CUST1506,Samantha Howard,daisylopez@hotmail.com,444.704.8878,Adult,New
CUST1507,Sharon Young,williamlyons@alvarez.com,+1-950-470-2059x685,Senior,New
CUST1508,Jennifer Flores,rrichardson@cruz-marsh.info,953-774-9266,Adult,VIP
CUST1509,James Gardner,shernandez@yahoo.com,+1-329-563-4277x7522,Adult,VIP
CUST1510,Karen Lopez,tsmith@brewer.org,(920)616-5812x920,Adult,Returning
CUST1511,Tim Larsen,odonnellmichael@gmail.com,+1-592-294-1156x3029,Youth,New
CUST1512,Zachary Santiago,khill@yahoo.com,596-363-7262x94206,Adult,VIP
CUST1513,Benjamin Smith,rachel86@brown.org,(154)980-8513x3138,Youth,New
CUST1514,Katelyn Kim,yespinoza@gmail.com,001-004-983-2112x21215,Senior,Returning
CUST1515,Angela May MD,sandra17@yahoo.com,001-481-582-6868x7640,Youth,New
CUST1516,Richard Munoz,barbarapennington@hotmail.com,918-548-8064,Adult,VIP
CUST1517,Christopher Hicks,heidichapman@hotmail.com,200-629-8778x7358,Senior,New
CUST1518,Joanna Kelly,bjones@hotmail.com,664-641-9623x42192,Adult,VIP
CUST1519,Larry Lane,colinrodriguez@alvarez.com,001-622-132-0410x429,Youth,Returning
CUST1520,Cynthia Shaw,jessicacruz@nielsen-brown.com,831-478-9117x972,Youth,VIP
CUST1521,Joshua Richardson,bradfordcharles@obrien-pittman.com,001-699-994-9812x83180,Senior,New
CUST1522,Laura Bush,halenicholas@hotmail.com,3666020005,Adult,Returning
CUST1523,John Vaughn,johnnykim@perez-harmon.biz,285.386.3105,Senior,VIP
CUST1524,Nicholas Terrell,perkinscrystal@davis.com,+1-052-438-3805x8269,Youth,New
CUST1525,Dr. Julie Miller,ecarroll@yahoo.com,(990)076-8627,Senior,VIP
CUST1526,Ann Kennedy,nlee@carey.net,001-633-283-8963x37618,Youth,New
CUST1527,Toni Miller,gonzalescolleen@carroll.net,186-267-1368x41013,Adult,Returning
CUST1528,Rebecca Edwards,wilsonjerry@hotmail.com,(823)392-1883,Youth,New
CUST1529,Greg Osborne,walkershelia@yahoo.com,(279)187-5067x761,Adult,VIP
CUST1530,Jose Harrison,carlos24@gmail.com,+1-065-920-8814x3192,Senior,New
CUST1531,Jennifer Yu,reginald08@snow.com,976.178.1596x983,Senior,VIP
CUST1532,Donna Johnson,morganjose@barron-brown.com,+1-457-202-6656,Senior,New
CUST1533,Nicole Acosta,youngcharles@hotmail.com,+1-629-591-2573,Adult,Returning
CUST1534,Amy Kennedy,tina69@salazar.com,989-925-5394x6074,Senior,Returning
CUST1535,Anthony Mooney,garciatyler@gmail.com,(990)747-2966,Senior,New
CUST1536,Lori Mitchell,ywoods@gmail.com,001-417-996-7080,Adult,Returning
CUST1537,Jonathan York,johnsonkimberly@ferguson.com,+1-974-748-5994,Senior,VIP
CUST1538,Casey Campbell,hughesnicholas@gmail.com,(418)398-4167x3478,Youth,New
CUST1539,Alexis Rodriguez,hdunn@yahoo.com,+1-536-988-1649x8044,Youth,VIP
CUST1540,Kevin Hernandez,michael56@allen.org,092-860-5210x26270,Youth,VIP
CUST1541,Robert Green,robertgoodwin@bradley.com,(648)900-8248x4581,Senior,New
CUST1542,Kari Lloyd,brownsamuel@williams-bailey.com,001-308-898-3057x48839,Senior,New
CUST1543,Grace Miller,catherinemendoza@gmail.com,+1-741-856-3027x500,Senior,Returning
CUST1544,Timothy Moore,wrightamy@thornton-li.com,3056619953,Adult,New
CUST1545,Wyatt Townsend II,shelly84@hotmail.com,5641849378,Adult,VIP
CUST1546,Mark Clark,luis88@brown.org,+1-467-908-7018x72600,Adult,New
CUST1547,Haley May,christian28@gmail.com,365-103-4444,Senior,VIP
CUST1548,Audrey Jackson,davidhardy@gmail.com,(990)674-5686,Youth,Returning
CUST1549,Eric Reese,hollysantos@benton-smith.com,(240)622-1559x967,Youth,Returning
CUST1550,Kim James,brianna41@gmail.com,(562)221-9053,Adult,VIP
CUST1551,Karen Thomas,ysimpson@yahoo.com,470.474.7648,Adult,VIP
CUST1552,Alexandra Ho,walkernicolas@hotmail.com,559-396-5213x8350,Youth,Returning
CUST1553,Michael Nixon,guerreroanthony@yahoo.com,124.553.1290x0362,Adult,Returning
CUST1554,Amanda Hardin,sandra49@todd.org,+1-211-732-7726x48839,Adult,New
CUST1555,Tina Reynolds,vpatton@gmail.com,(855)852-2942x525,Adult,VIP
CUST1556,Shannon Rogers,rfarley@garrison-hurley.info,618-575-9171,Youth,VIP
CUST1557,Brett Pena,francisco67@hotmail.com,5080549147,Senior,New
CUST1558,Raymond Curry,rebeccacampbell@tapia.net,447.353.5247x841,Senior,Returning
CUST1559,Leah Lee,ashley09@yahoo.com,159.497.3449x305,Adult,New
CUST1560,Michael White,donna90@gmail.com,788.033.1836,Adult,Returning
CUST1561,Megan Decker,mary27@yahoo.com,133-892-6087,Senior,New
CUST1562,Brent Garcia,csmith@castillo-richard.com,828.152.7873x04862,Senior,New
CUST1563,Daniel Campbell,rileychristopher@hotmail.com,152-174-6535x37801,Youth,Returning
CUST1564,Alexander Davis,alexanderjonathan@yahoo.com,915.673.4467x17762,Youth,New
CUST1565,Mary Houston,omartinez@gmail.com,001-691-433-6299,Youth,Returning
CUST1566,Margaret Erickson,halldiamond@cohen.org,001-466-450-9999,Senior,New
CUST1567,Scott Anderson,tranjeremy@hotmail.com,0108985739,Adult,Returning
CUST1568,Stephanie Knight,allen58@hotmail.com,8352118968,Adult,New
CUST1569,Stephanie Dominguez,michaeljones@wilson-jones.com,424-648-8499x7957,Adult,Returning
CUST1570,John Mayer,maria61@hotmail.com,(857)595-8281,Adult,VIP
CUST1571,Tammy Hill,douglas59@yahoo.com,001-022-179-7891,Youth,VIP
CUST1572,Steven Carrillo,xmerritt@yahoo.com,(488)397-1705,Senior,VIP
CUST1573,Christopher Jones,martinbradley@gmail.com,001-984-451-4367x28681,Youth,New
CUST1574,Janet Cook,lynchlindsey@baldwin.com,230-388-5681,Senior,VIP
CUST1575,Tyler Baker,crivas@barber.com,001-193-978-1459x00992,Adult,New
CUST1576,John Mcfarland,arianacuevas@kelley.net,779-055-2866,Youth,VIP
CUST1577,Cassandra Vasquez,hhopkins@stewart-lee.org,001-335-158-8070,Senior,VIP
CUST1578,Randy Robinson,marklloyd@yahoo.com,001-532-601-1939x10382,Adult,Returning
CUST1579,Susan Baldwin,hedwards@allen.com,001-742-551-3609,Youth,VIP
CUST1580,Benjamin Duncan,ann15@washington.com,8581810450,Senior,VIP
CUST1581,Jeremy Mosley,kimberlyrussell@wade.com,(437)361-5873,Adult,VIP
CUST1582,Martin Fitzpatrick,millerrobert@gmail.com,(627)135-8969x3353,Senior,VIP
CUST1583,Deborah Graves,rachelwalter@gmail.com,+1-005-856-1547x315,Adult,VIP
CUST1584,Laura Robertson,barneskathy@conrad.com,(639)792-5511x6436,Adult,VIP
CUST1585,Katherine Graham,vaughnveronica@gmail.com,+1-902-837-7270x28966,Senior,Returning
CUST1586,Priscilla Floyd,zgomez@hotmail.com,(053)428-1644x16101,Adult,VIP
CUST1587,April Finley,david59@jensen.com,+1-753-584-6405x103,Senior,VIP
CUST1588,Karen Bradley,vmccoy@yahoo.com,+1-880-273-0427x63628,Youth,New
CUST1589,Heather Maldonado,ugraves@gmail.com,444-718-9395,Senior,Returning
CUST1590,Mark Benjamin,paulawatkins@craig-chavez.com,096.906.7649,Youth,Returning
CUST1591,Joseph Woodward,williamchapman@gmail.com,+1-092-288-4987x4551,Senior,New
CUST1592,Joe Miranda,trevor09@merritt.biz,001-358-727-1743x068,Youth,Returning
CUST1593,Cassandra Williams,patrick22@gmail.com,+1-116-403-4398,Senior,New
CUST1594,Connor Dominguez,kstone@edwards.com,001-818-738-7758x33364,Youth,Returning
CUST1595,Lydia Howard,kgonzales@yahoo.com,001-770-413-0909x15386,Senior,VIP
CUST1596,Mark Moss,middletonelizabeth@gmail.com,2826254204,Youth,Returning
CUST1597,Corey Cortez,andrearomero@johnson.net,231-905-7720,Senior,Returning
CUST1598,Katherine Brown,freemanlynn@harris-mcmahon.org,410-079-4193x245,Youth,Returning
CUST1599,Elizabeth Ferguson,dmeyer@yahoo.com,001-381-097-9412x24870,Senior,Returning
CUST1600,Joann Forbes,wallaceryan@miller-taylor.com,001-872-649-6322,Adult,New
CUST1601,Anthony French,linda31@moore-rogers.info,(174)224-0432x611,Senior,Returning
CUST1602,Bruce Roman,patricia06@randolph.com,+1-900-346-8616,Senior,New
CUST1603,Judy Gregory,averycourtney@taylor.com,070.286.7202,Youth,Returning
CUST1604,Brittany Riley,theodore72@crawford.com,001-009-536-6219x53689,Youth,New
CUST1605,Amanda Thomas,hamiltontravis@clark.com,0577950017,Senior,Returning
CUST1606,Kaitlin Hardin,danawashington@hotmail.com,259.007.3971,Adult,VIP
CUST1607,Michael Anderson,mary47@robles-myers.com,072.211.3869,Adult,Returning
CUST1608,Anthony Parker,colin14@yahoo.com,8716722104,Adult,VIP
CUST1609,Joy Jackson,john61@gmail.com,461-719-2817x07443,Adult,Returning
CUST1610,Sabrina Rodriguez,donna56@hotmail.com,(023)442-2521x60252,Senior,Returning
CUST1611,Robert Walker PhD,flarsen@jenkins.net,941.209.4477,Youth,Returning
CUST1612,Robert Hendrix,xbrown@green-stewart.biz,(690)326-5513,Senior,Returning
CUST1613,Erika Daugherty,dross@yahoo.com,(761)794-8024,Adult,VIP
CUST1614,Brenda Copeland,matthewcardenas@yahoo.com,(598)516-0211x915,Youth,VIP
CUST1615,Pamela Watkins,kwalker@hotmail.com,+1-912-686-4986,Youth,New
CUST1616,Bryan Thomas,gouldchristina@anderson-fernandez.com,786-862-3760x088,Senior,VIP
CUST1617,Michael Tran,deleonmathew@yahoo.com,474-083-7819x190,Senior,New
CUST1618,Timothy Williams,stonemichael@galloway.biz,499.216.4006x9836,Adult,New
CUST1619,Ryan Salazar,laurie55@lewis-quinn.com,+1-235-348-4864x708,Adult,New
CUST1620,Alexis Tucker,fischeralisha@sanders.com,(139)865-4622,Senior,Returning
CUST1621,Christopher Davis,crystalwatts@nelson.biz,001-021-237-2055x033,Senior,VIP
CUST1622,Stacie Butler,lorettamcdowell@gmail.com,0008863467,Senior,VIP
CUST1623,Patricia Schwartz,wagnerjade@perry.org,919.008.8991,Adult,VIP
CUST1624,Mark Mills,fitzgeraldlaura@decker.com,416-009-1692,Youth,VIP
CUST1625,Todd Bishop,turnerstephen@gmail.com,273.798.9790,Adult,New
CUST1626,Christopher Porter,bbennett@gmail.com,(085)481-8674x6300,Senior,VIP
CUST1627,Lori Patton,ehoffman@velez-ferguson.com,9984336113,Adult,Returning
CUST1628,Aaron Young,kaiserjessica@yahoo.com,118.151.9854x582,Youth,VIP
CUST1629,Joseph Davis,bwalker@wise-west.info,001-942-034-0153x53466,Senior,New
CUST1630,Philip Fernandez,martin11@jackson.com,7569994494,Adult,VIP
CUST1631,Randy Hopkins,richardmassey@sharp.info,(672)010-8240x2818,Youth,New
CUST1632,Cory Hogan,vcollins@gmail.com,(238)794-0262,Youth,New
CUST1633,Tracy Wells,hannah96@adams.net,8581745273,Youth,Returning
CUST1634,Michael Williams,pedwards@gmail.com,(364)235-7004x129,Adult,Returning
CUST1635,Dominique Hamilton,gfletcher@hotmail.com,828-518-1612,Adult,New
CUST1636,Robert Chang,simmonschris@sherman.net,+1-559-046-1007x9230,Youth,Returning
CUST1637,Patrick Buckley,jameskane@williams.info,660-012-8382x710,Adult,VIP
CUST1638,Richard Washington,jtaylor@ross-phillips.biz,232-961-5120,Youth,New
CUST1639,Steven Griffith,alexandra95@hotmail.com,+1-485-076-6534x4604,Senior,VIP
CUST1640,Erika Gonzalez,kellycohen@crane.info,+1-227-634-6019x1530,Senior,Returning
CUST1641,Erika Maxwell,sharonho@hotmail.com,(734)724-3586x176,Adult,VIP
CUST1642,Brent Rojas,alicecalderon@stewart.com,+1-225-127-2670,Senior,VIP
CUST1643,Jaime Walker,holderadam@hotmail.com,666.562.2419x76878,Adult,VIP
CUST1644,John Zamora,heathermedina@davis-weber.org,947-712-9035x006,Senior,New
CUST1645,Timothy Gibson,bellangie@cooper.com,848-974-2235,Senior,VIP
CUST1646,Chad Cortez,lori69@hotmail.com,340-466-8212x156,Youth,Returning
CUST1647,Vanessa Harris,claudia64@hotmail.com,952-549-2064x411,Senior,VIP
CUST1648,Michael Brown,watkinsdakota@ramirez.org,973-881-8273,Adult,VIP
CUST1649,Samuel Ellis,lauramatthews@rivera-ingram.org,6343594882,Senior,New
CUST1650,Greg Tanner,aclark@gmail.com,001-188-496-8066x4051,Senior,New
CUST1651,Rachel Little,noblechristina@martin.com,021-254-3412,Youth,New
CUST1652,Carolyn Cordova,taylorlindsay@ortega-murphy.net,016.049.8603,Youth,Returning
CUST1653,Angelica Vincent,annbennett@mccarthy-kelly.net,218.600.3203x1978,Youth,New
CUST1654,Zachary Vargas PhD,waremegan@gmail.com,001-990-114-0034,Youth,New
CUST1655,Nicholas Fitzgerald,marycastro@yahoo.com,131.719.7860x1625,Adult,VIP
CUST1656,Garrett Riley,grantryan@yahoo.com,+1-908-419-4785x50113,Youth,Returning
CUST1657,Leslie Hernandez,clinemelissa@reed.com,535.821.0728x878,Youth,New
CUST1658,Abigail Baird,harold03@yahoo.com,001-072-790-3716x1608,Youth,VIP
CUST1659,John Mack,adamcollins@gmail.com,001-819-722-3996x477,Senior,New
CUST1660,Joseph Mendoza,wesley09@yahoo.com,001-183-753-0768x10248,Senior,Returning
CUST1661,Samantha Chavez,darlene60@padilla.org,8557800244,Youth,New
CUST1662,Justin Smith,oosborn@henry-wells.net,236.221.6906,Youth,VIP
CUST1663,Tiffany Anderson,woodchloe@hernandez.com,+1-685-746-7067x516,Senior,VIP
CUST1664,Matthew Davis,hflowers@ramos.com,+1-139-521-5016x426,Adult,VIP
CUST1665,Eric Warner,hodgejoshua@gmail.com,070-335-0842,Youth,New
CUST1666,Nicole Johnson,mary52@bowen.biz,319-839-2484x8130,Adult,New
CUST1667,Raymond Sawyer,brownmandy@hotmail.com,4169105302,Adult,Returning
CUST1668,Richard Wood,christopher70@franklin-barker.biz,516-758-6463,Youth,New
CUST1669,Mark Dalton,collinsann@peterson.com,953.481.1050,Senior,VIP
CUST1670,Steven Cook,wilsonchristopher@hotmail.com,476-427-8961,Youth,New
CUST1671,Jeffery Nelson,lonniesims@wang.com,738-551-2817x75123,Youth,Returning
CUST1672,Kimberly Norton,umiller@gmail.com,001-597-815-5426,Adult,New
CUST1673,Angela Gilmore,julierojas@yahoo.com,+1-097-236-0244x6546,Youth,New
CUST1674,Amy Dougherty,lmccarthy@taylor-stewart.com,001-772-051-7107x30871,Adult,VIP
CUST1675,Stacy Rodriguez,nicole24@wolfe-baker.info,(647)837-0317x543,Adult,Returning
CUST1676,Manuel Diaz,michael87@hotmail.com,027.414.8572x60292,Youth,New
CUST1677,Justin Jones,herringbrenda@medina.biz,468-627-2884x07664,Youth,Returning
CUST1678,Christine Zavala,jared88@hotmail.com,(076)327-1353,Adult,New
CUST1679,Brian Mendoza,palmerjason@gmail.com,001-867-625-9238x6879,Youth,Returning
CUST1680,Lauren Haley,anthony18@hotmail.com,6048869320,Youth,Returning
CUST1681,Patrick Perez,ltaylor@watson-gray.org,001-553-405-0892x739,Adult,New
CUST1682,Derek Frazier,jacqueline50@fisher.com,(159)764-0535x67078,Youth,New
CUST1683,Arthur Reed,robintorres@payne-walton.info,+1-775-542-6190x384,Adult,New
CUST1684,Mr. Bryan Mckinney,esimon@gmail.com,(273)627-3202,Youth,VIP
CUST1685,Kim Carter,carolyn76@yahoo.com,(271)117-5769,Adult,New
CUST1686,Rebecca Dougherty,kathrynsantana@rodriguez.org,716-204-2985,Senior,VIP
CUST1687,Teresa Jones,martingarrett@yahoo.com,448-698-3052,Senior,VIP
CUST1688,Judith Miller,davidcook@waller.com,690-392-2026,Youth,Returning
CUST1689,Donna Frye,dfoster@gmail.com,001-801-426-4710,Adult,Returning
CUST1690,Donald Terry,nicoleturner@lopez.biz,(801)770-3163x70500,Youth,VIP
CUST1691,Shaun Meyer DDS,ericpeters@smith-moore.com,933-267-2446x9317,Adult,VIP
CUST1692,Wayne Weaver,ehale@hotmail.com,(947)638-0839,Adult,VIP
CUST1693,Gregory Wallace,wmccarthy@gmail.com,6540259985,Adult,VIP
CUST1694,Dorothy Brown,lucasmcconnell@yahoo.com,939-327-2728,Youth,Returning
CUST1695,Crystal Meza,lori69@yahoo.com,291-635-0496,Youth,New
CUST1696,Jennifer Cooper,tracy90@blackwell.com,2667652728,Adult,VIP
CUST1697,Erin Watkins,matthew09@hotmail.com,+1-453-974-9950x7088,Senior,VIP
CUST1698,Sarah Wallace,brewerdevin@gmail.com,(406)756-0208x01929,Youth,Returning
CUST1699,Carlos Clarke,kevindavis@valdez-simmons.com,2215439044,Youth,Returning
CUST1700,David Washington,eleonard@gmail.com,+1-909-322-5333,Youth,VIP
CUST1701,Patricia Williams,zwhite@hotmail.com,(023)510-2555,Senior,New
CUST1702,Jesus Jackson,wdrake@oconnor.com,1935450369,Senior,Returning
CUST1703,Michelle Mitchell,david86@gibson.biz,884.393.3324x36296,Senior,Returning
CUST1704,Sara Schwartz,turnerjonathan@hotmail.com,(080)598-3124,Senior,Returning
CUST1705,Brittany Young,xshaw@joseph-richard.com,001-412-907-5965x99920,Youth,Returning
CUST1706,Eugene Martinez,tinaschmidt@berg-miller.com,237-631-7749,Youth,New
CUST1707,Cody Hart,james97@yahoo.com,(421)062-9419x375,Youth,Returning
CUST1708,Evan Cooper,hcampbell@stevens-williams.org,+1-192-267-1317x536,Youth,Returning
CUST1709,Joshua Martin,ronald40@hotmail.com,(647)528-6461,Adult,VIP
CUST1710,Thomas Sullivan,kellybutler@yahoo.com,(096)173-0099,Senior,New
CUST1711,Mr. Jimmy Flores Jr.,cynthia91@yahoo.com,(845)240-3211,Senior,VIP
CUST1712,Vanessa Rivera,fwright@davis.biz,(355)051-4321x914,Adult,VIP
CUST1713,Kara Roberts,teresa93@hotmail.com,087.797.2479,Senior,Returning
CUST1714,Veronica Berry,jonesnathan@gmail.com,(542)218-8345,Adult,New
CUST1715,Keith Meadows,uhunt@morgan.com,001-819-204-8770x676,Adult,VIP
CUST1716,Michael Dennis,vjohnson@yahoo.com,001-333-299-8651,Youth,Returning
CUST1717,Brenda Pierce,ysanford@duncan.org,(902)578-4640x858,Youth,New
CUST1718,James Randall,brooksthomas@hill-barker.com,(883)825-6726x208,Youth,VIP
CUST1719,Brandon Brown,jacobsrenee@hotmail.com,672-925-4355x196,Senior,VIP
CUST1720,Lauren Walker,adam30@yahoo.com,(822)250-1825,Adult,New
CUST1721,Diana Johnson,joseph95@walker.com,001-624-728-6394x2012,Adult,New
CUST1722,Jill Powers,carrjessica@wilcox.com,(341)499-2900,Adult,VIP
CUST1723,Jorge Lee,aspears@yahoo.com,+1-662-702-6604x509,Senior,New
CUST1724,Larry Harding,michael72@yahoo.com,(632)174-0039x101,Youth,New
CUST1725,Heather Hernandez,amandajackson@yahoo.com,001-335-389-2224,Adult,New
CUST1726,Jaclyn Watson,kjohnson@gmail.com,119.360.0608x277,Youth,Returning
CUST1727,Gregory Madden,christopher85@yahoo.com,+1-056-461-6076x26438,Youth,New
CUST1728,Anita Luna,shannon70@gmail.com,001-500-953-7234x617,Adult,New
CUST1729,Willie Lara,annette60@hawkins-henry.com,(231)336-1094x41642,Adult,VIP
CUST1730,Robert Waller,nicholasrush@gmail.com,165.441.3727,Adult,Returning
CUST1731,Steven Taylor,hrobinson@roberts.biz,685.760.6349x4290,Youth,New
CUST1732,Angelica Clark,karen69@yahoo.com,617-551-8870x179,Adult,VIP
CUST1733,Sean Hatfield,crystal58@hotmail.com,+1-932-420-2483x744,Adult,Returning
CUST1734,Tyler Avila,michelesimpson@yahoo.com,001-417-234-5653x86947,Adult,VIP
CUST1735,Jason Rocha,lmoore@yahoo.com,001-025-485-3626,Youth,VIP
CUST1736,Justin Page,patelmatthew@yahoo.com,+1-904-723-8641,Adult,VIP
CUST1737,Breanna Lopez,reyesdenise@jenkins-fields.org,+1-009-538-5574x2164,Senior,Returning
CUST1738,Julian Williams,chelseagordon@greene.biz,599.009.3781,Adult,Returning
CUST1739,Sandra Torres,chelsea29@kennedy.org,604-761-4378x844,Youth,VIP
CUST1740,Julie Johnson,melissamartin@yahoo.com,706.618.7564,Senior,Returning
CUST1741,Dennis Blanchard,thomasmarquez@morris.com,(726)368-1541x85899,Youth,Returning
CUST1742,Kaitlyn Valdez,beckystevens@morrison.info,0277291084,Senior,VIP
CUST1743,Jennifer Vasquez,monica23@bowen-jones.com,078-604-3566x05033,Senior,Returning
CUST1744,Danielle Wilson,eatkins@yahoo.com,469.833.0677x306,Adult,New
CUST1745,Zachary Jones,baldwincatherine@hotmail.com,182.226.6794x1908,Adult,New
CUST1746,Lauren Cunningham,ucastillo@carter.com,886.538.5906x739,Youth,Returning
CUST1747,Lori Alvarez,gmoran@hotmail.com,(342)898-7605x50492,Adult,New
CUST1748,Barbara Hunt,gcobb@gmail.com,(170)486-1867,Senior,New
CUST1749,Sarah Martin,bowenmichael@hotmail.com,6632016290,Senior,VIP
CUST1750,Francisco Johns,robinpope@gmail.com,399.289.1982x7182,Adult,Returning
CUST1751,Christopher Nelson,riveraheather@yahoo.com,(533)717-0864x94269,Youth,New
CUST1752,Thomas Kelly,katherinepeterson@hotmail.com,203-983-1354x9014,Youth,New
CUST1753,Joseph Mayer,kristin49@yahoo.com,(996)706-9219x587,Youth,VIP
CUST1754,Pamela White,earlroberts@beard.com,054.982.4388,Youth,New
CUST1755,Paul Stephens,shirley29@hotmail.com,001-430-217-8167x8066,Senior,Returning
CUST1756,Samantha Cohen,rmarquez@yahoo.com,+1-431-589-0164x9281,Youth,Returning
CUST1757,Michael Barker,dwaynecarter@scott-perez.com,037-017-0926x40703,Youth,New
CUST1758,Kevin Morrow,breannagreen@hotmail.com,8808172628,Senior,New
CUST1759,Joseph Watson,kmontgomery@yahoo.com,(968)244-8500,Youth,New
CUST1760,Mr. Thomas Garcia,alexandra67@jackson.biz,288.959.2741x168,Youth,New
CUST1761,Daniel Lopez,petersonkyle@hernandez.com,6919612766,Senior,Returning
CUST1762,Lisa Guerra,victor90@singleton.com,(080)820-3917,Adult,New
CUST1763,Kim Arnold,elizabeth61@romero-nelson.net,2634443596,Youth,New
CUST1764,Ashley Stevens,griffinalexandra@scott.com,+1-245-870-1204x2425,Youth,VIP
CUST1765,Robert Mclean,hannahbryant@krause.net,690.912.3753,Senior,New
CUST1766,Eric Cox,pauljessica@gmail.com,2849760396,Youth,New
CUST1767,Stacy Harper,bruce33@gill.com,+1-702-436-5240x5536,Senior,Returning
CUST1768,Gloria Mckinney,gonzalezdarren@gmail.com,818-754-0364x882,Senior,VIP
CUST1769,Robert Walker,corylawrence@hotmail.com,597-738-5466,Adult,Returning
CUST1770,Brenda Perez,ashley96@gmail.com,(323)606-6799,Adult,Returning
CUST1771,Carlos Miller,briannareid@yahoo.com,649.125.9497x22042,Senior,VIP
CUST1772,Rachel Jones,karen94@welch-murphy.info,+1-862-269-9206x661,Adult,New
CUST1773,Nicole Williams,joseph83@yahoo.com,996.235.6999x299,Youth,Returning
CUST1774,Ricky Palmer,connie12@yahoo.com,001-833-587-6887x7792,Adult,VIP
CUST1775,Bryan King,patricia87@martin-jones.biz,(604)134-8208x493,Youth,New
CUST1776,Michael Webster,schaeferscott@hotmail.com,539-839-1226,Youth,VIP
CUST1777,Tamara Harris,kimberlyhines@parker.com,0014407629,Senior,VIP
CUST1778,Cathy Bell,cohensara@gmail.com,001-143-049-1341x0389,Youth,New
CUST1779,Ryan Mcmahon,eric62@bishop.com,528.720.9986x5642,Senior,New
CUST1780,Hannah Martin,rchan@gmail.com,001-240-592-0823x5309,Senior,VIP
CUST1781,Monica Allen,tmichael@yahoo.com,669.194.8962x9805,Youth,Returning
CUST1782,Annette Lane,matthew55@parker-elliott.biz,(820)175-3079x6618,Adult,New
CUST1783,Daniel Lee,abrown@brewer-taylor.info,(957)240-4347x41253,Youth,VIP
CUST1784,Steven Medina,cardenasjames@hotmail.com,379-561-0077,Youth,New
CUST1785,Annette Lewis,marissa05@yahoo.com,321.750.3619x2025,Youth,New
CUST1786,Michelle Richardson,angela33@hotmail.com,+1-991-938-7337x034,Adult,Returning
CUST1787,Jessica Rosario,daniel32@yahoo.com,001-244-474-8904x7607,Youth,Returning
CUST1788,Henry Gray,ccrane@hotmail.com,001-862-351-0765x1917,Adult,New
CUST1789,Darren Rodriguez,mwright@hotmail.com,+1-085-173-2895x1456,Adult,Returning
CUST1790,Mrs. Ashley Taylor,garciadanielle@yahoo.com,409.185.8055,Senior,Returning
CUST1791,Michele Hawkins,hmclean@yahoo.com,+1-115-744-9653,Adult,New
CUST1792,Garrett Wilson,nguyenkimberly@holloway-sawyer.org,+1-160-770-0409x304,Adult,VIP
CUST1793,Kyle Collins,annagonzales@yahoo.com,418-403-9822x18039,Senior,New
CUST1794,Jill Spencer,hannah21@hotmail.com,(620)385-8864x0788,Adult,Returning
CUST1795,Scott Lopez,rebecca73@gmail.com,2652951646,Youth,Returning
CUST1796,Ryan Alvarez,xperez@yahoo.com,001-933-356-2303x974,Youth,New
CUST1797,Cassie Lutz,jonathan02@may.biz,088-067-0898x709,Adult,Returning
CUST1798,Brian Kim DDS,deckerbrian@hotmail.com,(019)918-4311,Youth,VIP
CUST1799,Charles Morales,knightwendy@hotmail.com,266.115.8485,Adult,New
CUST1800,Ashley Schaefer,vcampbell@hotmail.com,+1-052-632-1196,Youth,New
CUST1801,Amy Hester,cunninghamterri@schmidt.com,4722053970,Senior,New
CUST1802,Kurt Ewing,karenwang@yahoo.com,745.447.0823x1714,Youth,VIP
CUST1803,Ryan Hardy,vhayes@gmail.com,(199)539-4676x6262,Adult,New
CUST1804,Micheal Perkins,whitebarbara@yahoo.com,596.053.0261,Youth,Returning
CUST1805,Richard Schneider,moraleskelly@hotmail.com,001-840-257-8703x6860,Senior,VIP
CUST1806,John Morrison,smithmarcus@gmail.com,063-066-3605x02816,Adult,VIP
CUST1807,John Ramirez,breannasaunders@hotmail.com,098-910-3909x120,Senior,Returning
CUST1808,Ashley King,kaylaandrews@yahoo.com,001-302-520-9452x3759,Senior,New
CUST1809,Mark Taylor Jr.,kendraharris@garcia.org,953.192.6009x860,Senior,Returning
CUST1810,Barry Gregory,amberblevins@harrell-hebert.com,(757)454-4920,Youth,New
CUST1811,Janet Shelton,frank43@barton.com,489-445-3811x80818,Youth,New
CUST1812,Marco Davis,flowersnicholas@yahoo.com,+1-655-834-4566x229,Youth,VIP
CUST1813,Paul Saunders,cwilliams@gonzalez-wise.org,+1-521-797-0566x03616,Youth,VIP
CUST1814,Christina Bates,costawilliam@ramsey.com,(486)070-4726,Adult,Returning
CUST1815,Dennis Cooper PhD,kara56@gmail.com,(023)515-8501x5301,Youth,VIP
CUST1816,Tiffany Johnson,marshmichael@hicks-duffy.com,316.715.6058x790,Youth,New
CUST1817,Thomas Reyes,zlara@gomez.com,(224)413-3954x794,Adult,New
CUST1818,James Stevens,jerome16@yahoo.com,6453157905,Youth,VIP
CUST1819,Justin Dalton,jessica50@boone.org,001-719-189-8664x6936,Youth,Returning
CUST1820,Michael Henry,apriltaylor@farmer-brown.com,618-335-9748x76805,Adult,New
CUST1821,Mike Freeman,christina26@gmail.com,+1-702-377-1843x01922,Adult,New
CUST1822,Michael Keller,judypatrick@diaz.com,9567333297,Adult,VIP
CUST1823,Laura Alvarez,zharris@brooks.com,239.644.0282,Senior,New
CUST1824,Katie Myers,anthony70@wiggins.biz,326-769-9242x77392,Adult,Returning
CUST1825,Wesley Jensen MD,craigbailey@davis.com,852.023.2091,Youth,VIP
CUST1826,Erica Johnson,ilucero@yahoo.com,016-933-2844x234,Senior,VIP
CUST1827,Russell Bailey,collinsterrance@anderson-douglas.com,199.829.0755x1545,Senior,New
CUST1828,Alyssa Vance,kvasquez@martinez.com,(607)569-9913,Youth,VIP
CUST1829,Brent Reed,donnapaul@powell.com,+1-310-064-3322,Adult,VIP
CUST1830,Gregory Stanley,jessicaturner@hotmail.com,001-622-777-7331x68066,Adult,New
CUST1831,Matthew Watkins,kathleen25@yahoo.com,707-038-5036x0595,Adult,VIP
CUST1832,Ana Torres,bethmichael@gmail.com,(984)241-0740,Adult,Returning
CUST1833,Alejandro Nguyen,bauertiffany@gmail.com,(740)675-8267,Youth,Returning
CUST1834,Scott Bradley,conleyjohn@morris-armstrong.info,(259)062-0036x38564,Adult,New
CUST1835,Deborah Dominguez,courtneymontoya@hotmail.com,(149)745-9793x18399,Senior,New
CUST1836,Victoria Gray,dhaney@hotmail.com,+1-798-491-4986x09955,Senior,New
CUST1837,Kenneth Stokes,rwilson@hotmail.com,4932664322,Adult,VIP
CUST1838,Michael Rogers,wendy24@yahoo.com,001-394-612-1289x8115,Senior,New
CUST1839,Pamela Morgan,qalvarado@yahoo.com,+1-485-340-0127x622,Senior,New
CUST1840,Heidi Graham,caseyronald@gmail.com,984.742.2567,Senior,Returning
CUST1841,Ryan Cobb PhD,perezstephen@martinez.com,001-871-888-2237x8870,Youth,New
CUST1842,Donna Williams,kurt68@burch.com,841-680-6134x95647,Adult,VIP
CUST1843,Jennifer Perez PhD,donaldbecker@gmail.com,001-998-460-5867x9496,Adult,New
CUST1844,Ryan Davis,alicia29@warren.com,830.972.3610,Senior,Returning
CUST1845,Austin Solis,erik29@bridges.com,+1-092-616-6201,Senior,VIP
CUST1846,Daniel Flynn,joshuahaley@yahoo.com,(555)786-4578x65557,Youth,New
CUST1847,Elizabeth Brock,asantana@yahoo.com,(124)764-0006x875,Youth,New
CUST1848,Joshua Gonzalez,derek40@gmail.com,682.405.1665x45122,Youth,VIP
CUST1849,Mario Chavez,jason99@gmail.com,441-899-7402x338,Senior,New
CUST1850,Catherine Smith,etaylor@duran.biz,(860)835-7017x03630,Youth,VIP
CUST1851,Shari Ray,mmyers@flowers.com,+1-442-386-0205x089,Youth,VIP
CUST1852,Victor Harmon,patriciamartinez@hotmail.com,001-830-941-3490x9619,Youth,New
CUST1853,Timothy Patel,scottchambers@smith-wilson.com,979.724.5284x1356,Senior,New
CUST1854,Patricia Hamilton,chall@short-weaver.org,+1-480-450-7356x748,Youth,VIP
CUST1855,Lori Boyd,chadwerner@hotmail.com,9573940598,Senior,Returning
CUST1856,Charles Hernandez,stefanie06@yahoo.com,2602944203,Youth,VIP
CUST1857,Elizabeth Graham,ksimmons@holt.com,589-258-4907,Senior,VIP
CUST1858,Ronald Brown,brightcarrie@grimes.info,420.319.7774,Adult,Returning
CUST1859,Jason Colon,gbrown@yahoo.com,+1-675-951-4186,Adult,Returning
CUST1860,Dawn Burke,danielle56@hotmail.com,001-482-308-8295x8684,Senior,VIP
CUST1861,Brian Lee,christopher17@gmail.com,962-332-6058,Youth,VIP
CUST1862,Ronald Marshall,brittanywade@gmail.com,(942)767-4831x7306,Youth,Returning
CUST1863,Jessica Lucas,qobrien@yahoo.com,(293)151-8178x8242,Youth,Returning
CUST1864,Christopher Taylor,garzalaura@johnston.com,(559)469-8906x2327,Adult,VIP
CUST1865,Robert Hopkins,tochoa@hotmail.com,001-237-179-8902x2379,Youth,New
CUST1866,Samuel Stuart,deborah77@boyer.biz,0654870847,Senior,VIP
CUST1867,Mr. Scott Miller,ashleyjohnson@garcia-knapp.com,954.176.7553x981,Senior,Returning
CUST1868,Sharon Lester,michael55@gmail.com,+1-890-737-8159,Adult,VIP
CUST1869,Jack Sandoval,ubowers@yahoo.com,579-089-4589,Adult,Returning
CUST1870,Tony Ramsey,jasontownsend@hotmail.com,001-626-838-4887x63802,Senior,Returning
CUST1871,Brian Navarro,xmullins@gmail.com,7612396121,Adult,VIP
CUST1872,Kelly Calderon,cookchristina@hotmail.com,+1-905-188-1298x8618,Senior,Returning
CUST1873,Tara King,maria11@sullivan.biz,001-207-066-9010x79237,Senior,Returning
CUST1874,Cynthia Martinez,melissa75@shaffer-huang.com,001-298-268-9334x86497,Senior,New
CUST1875,Erin Silva,allen39@stout-graves.net,3506757896,Senior,Returning
CUST1876,Paul Young,raymonddominguez@gmail.com,335.570.7731x23155,Senior,VIP
CUST1877,Charles Thompson,dawsonrobin@sullivan.net,057-052-1879x93844,Adult,Returning
CUST1878,Jessica King,yanderson@gmail.com,045-883-1141x470,Youth,New
CUST1879,Katherine Brooks,nguyenjeffrey@gmail.com,+1-123-503-6871x5689,Adult,New
CUST1880,Emily Coleman,elizabethhill@walker-neal.com,097-797-8023,Adult,Returning
CUST1881,Tracey Suarez,scottcain@smith.com,+1-445-684-4679x4036,Adult,VIP
CUST1882,Heidi Baldwin,jperry@hotmail.com,001-640-163-2957x3783,Senior,VIP
CUST1883,Alisha Rasmussen,hlopez@ross.biz,597-572-9273,Youth,New
CUST1884,Sarah Bates,linda46@yahoo.com,868-302-9158,Senior,Returning
CUST1885,Melissa Mccormick,lukekelly@hotmail.com,(423)324-1651x854,Senior,Returning
CUST1886,Juan Parker,michelle38@anderson.net,+1-396-607-3446,Youth,New
CUST1887,Heidi Burnett,daniel93@hotmail.com,462.159.5841x7491,Senior,Returning
CUST1888,Sean Mathews,stevenandrews@gmail.com,(170)502-2181x69814,Adult,VIP
CUST1889,Theodore Long,bcrawford@gmail.com,344-760-9483,Senior,New
CUST1890,Dawn Davis,castroangelica@huang.com,001-774-029-2864x330,Youth,Returning
CUST1891,Cynthia Clark,cameron49@valentine-luna.org,(650)996-2183,Youth,Returning
CUST1892,Sydney Welch,ipadilla@yahoo.com,(677)196-6661x02563,Youth,New
CUST1893,Pamela Sullivan,scollins@torres.net,202-223-4998x013,Youth,New
CUST1894,Sean Morrow,katiebaird@hotmail.com,001-768-367-5901x7791,Youth,Returning
CUST1895,Kaitlin Gutierrez,arellanobrian@yahoo.com,244-614-4092x33517,Senior,Returning
CUST1896,Michelle Mcdowell,austinalyssa@martin.com,656-426-0186x3726,Youth,VIP
CUST1897,Samantha Hale,bankstroy@rivera.biz,199.569.5592,Youth,VIP
CUST1898,Heather Guzman,ejames@gmail.com,+1-277-641-4900x3850,Youth,New
CUST1899,Nancy Chavez,codykelly@hotmail.com,(551)344-4867,Adult,Returning
CUST1900,Anthony May,victor24@yahoo.com,(288)390-4733,Adult,New
CUST1901,Rachel Taylor,michaelholland@morgan.net,454-615-7493,Youth,VIP
CUST1902,Mark Edwards,suarezbruce@hotmail.com,(511)497-8879,Senior,Returning
CUST1903,Christopher Black,cody08@smith.com,312-040-9543x77661,Adult,New
CUST1904,Sandra Hines,michele23@oliver.com,308.580.0187x31439,Adult,Returning
CUST1905,Melissa Sparks,carolberry@mccarthy-hobbs.com,511-436-7862,Adult,Returning
CUST1906,John Moss,cjohnson@beasley.com,+1-107-818-7109x6856,Youth,Returning
CUST1907,Michael Serrano,baileyhenry@hotmail.com,257-068-0269x3315,Senior,Returning
CUST1908,Christina Perry,jimenezcarrie@mora.net,230-600-2302x865,Senior,VIP
CUST1909,Shawn Duffy,qraymond@hotmail.com,+1-505-224-1142x0667,Adult,Returning
CUST1910,Courtney Vaughan,john23@lopez-powell.com,1514599201,Adult,Returning
CUST1911,Maria Sims,qcochran@webster.com,(633)822-2240x0539,Youth,Returning
CUST1912,Valerie Gonzalez,psherman@gmail.com,(220)562-0190,Adult,Returning
CUST1913,Caroline Morales,derek34@hotmail.com,134-843-3913,Senior,Returning
CUST1914,David Davis,fgraham@yahoo.com,252.861.3239,Adult,Returning
CUST1915,Travis Wilson,jgarcia@lynch-torres.com,564-523-4286x449,Senior,Returning
CUST1916,Jessica Mora,lopezchristopher@adkins.com,602.498.6634x209,Adult,VIP
CUST1917,Michael Wilson,williamskevin@bell.com,(367)734-9852x973,Youth,Returning
CUST1918,Cheryl Atkins,williammaldonado@gmail.com,(615)266-5591x476,Senior,New
CUST1919,Donna Snyder,bryantjacob@joseph.com,(538)096-6414,Adult,VIP
CUST1920,Scott Greene,ashleyaustin@gmail.com,533.695.2474x6653,Senior,VIP
CUST1921,Diane Byrd MD,rachelwilson@yahoo.com,389-629-8532x43679,Senior,New
CUST1922,Charles Roberts,donnaherman@joyce-benitez.com,(415)712-7638,Adult,New
CUST1923,Luke Solomon,jwilliams@hotmail.com,543.468.5863,Adult,New
CUST1924,Michael Ellis,nicole69@shields.com,+1-906-168-2497x93998,Youth,VIP
CUST1925,Casey Morris,perryrobert@yahoo.com,+1-161-538-1168x37103,Adult,New
CUST1926,Melissa Reeves,aking@schwartz.com,7372607201,Adult,VIP
CUST1927,Nancy Scott,walshdarius@jones-herrera.com,896-780-8264x931,Adult,New
CUST1928,Anthony Cook,smitchell@yahoo.com,(146)394-7625,Senior,VIP
CUST1929,Terry Barajas,juarezralph@gmail.com,+1-429-264-5633x9172,Adult,VIP
CUST1930,Tracy George,hgonzalez@harrison.com,001-994-036-9481x1266,Senior,VIP
CUST1931,Amber King,whitakerjack@drake.info,001-497-196-7068x335,Youth,Returning
CUST1932,Elizabeth Foster,charper@peck.com,910.161.2590,Senior,Returning
CUST1933,Walter Hansen,carrollstacy@yahoo.com,639-949-0133,Adult,VIP
CUST1934,Debbie Gordon,michaelgonzalez@hotmail.com,443.767.3481,Senior,Returning
CUST1935,Sherry Anderson,sjames@brown.info,098-410-1679x3014,Adult,Returning
CUST1936,Joseph Thomas,pjones@rice.com,+1-116-049-9100,Youth,VIP
CUST1937,Andrew Anderson,cohenrobert@smith.com,202-886-6168x0199,Adult,Returning
CUST1938,Sandy Adkins,thomasdale@gmail.com,3421348548,Adult,New
CUST1939,Diane Mcdowell,dsmith@mack-wilson.com,203-531-6079x179,Senior,Returning
CUST1940,Pam Baker,smithmadison@pineda-newman.com,386-015-7117,Youth,New
CUST1941,Steven Stewart,pkent@hotmail.com,321-940-2470,Senior,Returning
CUST1942,Pamela Hernandez DVM,michael77@gmail.com,(881)411-2874,Youth,New
CUST1943,Rebecca Brown,jeffrey42@yahoo.com,271-936-7857x64639,Youth,VIP
CUST1944,David Johnson,michealsmith@yahoo.com,381-074-9161,Youth,VIP
CUST1945,Michael Graham,stevensjennifer@christian.com,001-423-215-4013,Adult,Returning
CUST1946,Tammy Williams MD,afisher@quinn-wallace.biz,535-069-6261,Youth,Returning
CUST1947,Karina Vasquez,matthew62@hotmail.com,(845)525-2741x02547,Youth,VIP
CUST1948,Sharon Martinez,jaylee@gould.org,001-179-899-4885x6694,Senior,Returning
CUST1949,Sean White,wkelley@yahoo.com,993.005.1956x75635,Senior,New
CUST1950,Jordan Nelson,jason27@gmail.com,(842)271-7266x256,Adult,New
CUST1951,Laurie Silva,rebecca96@gmail.com,(046)070-0144x130,Youth,New
CUST1952,Kelly Duncan,matthewwu@cruz.info,(862)408-7100x6689,Adult,Returning
CUST1953,Billy Tate,paulestrada@terrell-becker.com,4172820762,Adult,VIP
CUST1954,Stacy Johnson,edwardstewart@gmail.com,811.522.3282,Adult,New
CUST1955,Melanie Long,wstewart@schmidt.com,(282)408-4752,Adult,VIP
CUST1956,Tiffany Hood,smithsamantha@rivera.com,359.994.0041x08479,Senior,Returning
CUST1957,Brad Rivas,juliarubio@yahoo.com,351-135-0535,Youth,VIP
CUST1958,Jordan Moses,cindy59@alvarez-padilla.com,001-722-892-0641x57809,Senior,Returning
CUST1959,Abigail Booker,langernest@gmail.com,001-783-028-0104x19453,Youth,New
CUST1960,Tiffany Nguyen,nwilson@moore-tran.info,195-281-4478x6742,Adult,Returning
CUST1961,Morgan Bernard,theresabeck@gmail.com,+1-021-889-3063,Senior,New
CUST1962,Christine Williams,camposderek@yahoo.com,001-578-037-8912x13974,Youth,VIP
CUST1963,Erica Brown,xwoods@gmail.com,699.055.8557,Youth,New
CUST1964,Trevor James,lrichards@yahoo.com,(994)084-2906x969,Senior,Returning
CUST1965,Christopher Hanna,kpotts@blackwell-huerta.com,+1-045-289-8606x1065,Youth,VIP
CUST1966,Ann Phelps,dennisevans@rangel-rodriguez.com,(733)745-7016x52761,Youth,VIP
CUST1967,Richard Mitchell,jennifer15@hotmail.com,681.498.0253,Youth,New
CUST1968,Martha Martinez,howellbrittany@gmail.com,+1-084-376-9929x6444,Senior,Returning
CUST1969,Jeffrey Drake MD,james48@gmail.com,725.084.2324x234,Senior,VIP
CUST1970,Bonnie Wade,rebecca03@hotmail.com,004.172.4155x36915,Adult,VIP
CUST1971,Kayla Burns,shane65@gmail.com,+1-557-490-6279,Senior,VIP
CUST1972,Karen Hart,vhopkins@hotmail.com,(024)257-0333x2959,Senior,New
CUST1973,Peter Shepherd,monicahouse@navarro.com,523-158-2863x0402,Youth,VIP
CUST1974,Jessica Simmons,rebeccajames@gmail.com,+1-662-991-7217x429,Senior,Returning
CUST1975,Glenn Ford,zrogers@hotmail.com,(204)167-8215,Senior,VIP
CUST1976,Michael Moore,izimmerman@yahoo.com,+1-392-669-3706x32503,Senior,New
CUST1977,Mark Warren IV,tracyadams@yahoo.com,392-804-8502,Youth,New
CUST1978,Terry Woods,michelle10@drake.com,(061)901-9333,Senior,Returning
CUST1979,Carl Leach,nathanielmoore@maxwell.com,(937)971-9000x029,Adult,Returning
CUST1980,Kelly Phillips,molly91@aguilar.com,+1-561-622-5647x1855,Senior,Returning
CUST1981,Billy Williams,browndominic@house.com,+1-407-992-3045x323,Youth,New
CUST1982,Jeffery Davis,omoody@williams.biz,677-814-5647,Senior,VIP
CUST1983,Laura King,thomasgonzalez@yahoo.com,001-437-019-4539x1177,Senior,New
CUST1984,Brad Gordon,rroberts@hancock.com,(665)052-7612x09281,Youth,Returning
CUST1985,Matthew White,terribaker@johnston.com,001-578-061-9022x311,Adult,Returning
CUST1986,James Miller,melindaavila@martin.org,(787)067-6353x2237,Youth,VIP
CUST1987,Elizabeth Matthews,shunter@gmail.com,859-212-6848,Youth,VIP
CUST1988,Michael Hanson,madison38@gmail.com,(637)114-2943x000,Senior,VIP
CUST1989,Vincent Savage,karen10@gmail.com,001-375-398-9231x3246,Youth,VIP
CUST1990,Cody Burgess,raven09@yahoo.com,(986)693-2784x178,Senior,VIP
CUST1991,Shelby Rodriguez,vsmith@davis.com,765.915.3820,Senior,New
CUST1992,Abigail Wilson,jessica57@harmon-castillo.info,140-652-6642,Senior,VIP
CUST1993,John Holt,vedwards@gmail.com,(735)127-2455x33756,Youth,New
CUST1994,Tracy Guzman,bradgomez@hobbs-nguyen.biz,697-648-7849x62249,Senior,New
CUST1995,Mr. William Ward,jhayes@hotmail.com,510-462-5069x2965,Youth,New
CUST1996,Melissa Foster,iherring@yahoo.com,(851)206-2767x2935,Senior,New
CUST1997,Calvin Smith,reginaldsmith@hotmail.com,001-097-934-4212x914,Senior,New
CUST1998,Alan Waller,brittanywhite@smith.com,(502)234-7780x45797,Adult,New
CUST1999,Christine Wong,james76@gmail.com,(518)407-0339,Youth,Returning
